id,name,adm1,adm2,lat,lon
101010100,北京,北京市,北京市,39.9050,116.4053
101010200,海淀,北京市,北京市,39.9561,116.3103
101010300,朝阳,北京市,北京市,39.9215,116.4864
101010400,顺义,北京市,北京市,40.1289,116.6535
101010500,怀柔,北京市,北京市,40.3243,116.6371
101010600,通州,北京市,北京市,39.9025,116.6586
101010700,昌平,北京市,北京市,40.2181,116.2359
101010800,延庆,北京市,北京市,40.4653,115.9850
101010900,丰台,北京市,北京市,39.8636,116.2870
101011000,石景山,北京市,北京市,39.9146,116.1954
101011100,大兴,北京市,北京市,39.7289,116.3380
101011200,房山,北京市,北京市,39.7355,116.1392
101011300,密云,北京市,北京市,40.3774,116.8434
101011400,门头沟,北京市,北京市,39.9372,116.1054
101011500,平谷,北京市,北京市,40.1448,117.1123
101011600,东城,北京市,北京市,39.9175,116.4188
101011700,西城,北京市,北京市,39.9153,116.3668
101020100,上海,上海市,上海市,31.2317,121.4726
101020200,闵行,上海市,上海市,31.1117,121.3760
101020300,宝山,上海市,上海市,31.3989,121.4899
101020400,黄浦,上海市,上海市,31.2228,121.4903
101020500,嘉定,上海市,上海市,31.3835,121.2503
101020600,浦东新区,上海市,上海市,31.2459,121.5677
101020700,金山,上海市,上海市,30.7247,121.3307
101020800,青浦,上海市,上海市,31.1512,121.1130
101020900,松江,上海市,上海市,31.0305,121.2235
101021000,奉贤,上海市,上海市,30.9123,121.4585
101021100,崇明,上海市,上海市,31.6269,121.3975
101021200,徐汇,上海市,上海市,31.1800,121.4375
101021300,长宁,上海市,上海市,31.2181,121.4222
101021400,静安,上海市,上海市,31.2290,121.4482
101021500,普陀,上海市,上海市,31.2417,121.3925
101021600,虹口,上海市,上海市,31.2610,121.4918
101021700,杨浦,上海市,上海市,31.2708,121.5228
101030100,天津,天津市,天津市,39.1256,117.1902
101030200,武清,天津市,天津市,39.3769,117.0580
101030300,宝坻,天津市,天津市,39.7170,117.3081
101030400,东丽,天津市,天津市,39.0878,117.3140
101030500,西青,天津市,天津市,39.1394,117.0122
101030600,北辰,天津市,天津市,39.2256,117.1348
101030700,宁河,天津市,天津市,39.3289,117.8283
101030800,和平,天津市,天津市,39.1183,117.1959
101030900,静海,天津市,天津市,38.9357,116.9253
101031000,津南,天津市,天津市,38.9370,117.3567
101031100,滨海新区,天津市,天津市,39.0328,117.6542
101031200,河东,天津市,天津市,39.1221,117.2266
101031300,河西,天津市,天津市,39.1019,117.2175
101031400,蓟州,天津市,天津市,40.0453,117.4074
101031500,南开,天津市,天津市,39.1205,117.1641
101031600,河北,天津市,天津市,39.1566,117.2016
101031700,红桥,天津市,天津市,39.1751,117.1633
101040100,重庆,重庆市,重庆市,29.5638,106.5505
101040200,永川,重庆市,重庆市,29.3487,105.8947
101040300,合川,重庆市,重庆市,29.9910,106.2656
101040400,南川,重庆市,重庆市,29.1566,107.0982
101040500,江津,重庆市,重庆市,29.2834,106.2532
101040800,北碚,重庆市,重庆市,29.8254,106.4379
101040900,巴南,重庆市,重庆市,29.3819,106.5194
101041000,长寿,重庆市,重庆市,29.8337,107.0749
101041100,黔江,重庆市,重庆市,29.5275,108.7826
101041200,渝中,重庆市,重庆市,29.5567,106.5629
101041300,万州,重庆市,重庆市,30.8078,108.3802
101041400,涪陵,重庆市,重庆市,29.7525,107.2465
101041600,城口,重庆市,重庆市,31.9463,108.6649
101041700,云阳,重庆市,重庆市,30.9305,108.6977
101041800,巫溪,重庆市,重庆市,31.3986,109.5700
101041900,奉节,重庆市,重庆市,31.0185,109.4011
101042000,巫山,重庆市,重庆市,31.0748,109.8789
101042100,潼南,重庆市,重庆市,30.1896,105.8418
101042200,垫江,重庆市,重庆市,30.3300,107.3487
101042300,梁平,重庆市,重庆市,30.6722,107.8000
101042400,忠县,重庆市,重庆市,30.2915,108.0375
101042500,石柱,重庆市,重庆市,29.9993,108.1141
101042600,大足,重庆市,重庆市,29.7005,105.7153
101042700,荣昌,重庆市,重庆市,29.4036,105.5941
101042800,铜梁,重庆市,重庆市,29.8399,106.0549
101042900,璧山,重庆市,重庆市,29.5936,106.2311
101043000,丰都,重庆市,重庆市,29.8664,107.7325
101043100,武隆,重庆市,重庆市,29.3238,107.7566
101043200,彭水,重庆市,重庆市,29.2939,108.1666
101043300,綦江,重庆市,重庆市,29.0281,106.6514
101043400,酉阳,重庆市,重庆市,28.8398,108.7672
101043500,大渡口,重庆市,重庆市,29.4810,106.4861
101043600,秀山,重庆市,重庆市,28.4448,108.9960
101043800,沙坪坝,重庆市,重庆市,29.5412,106.4542
101043900,九龙坡,重庆市,重庆市,29.5235,106.4810
101044000,南岸,重庆市,重庆市,29.5011,106.6443
101044100,开州,重庆市,重庆市,31.1677,108.4133
101044200,两江新区,重庆市,重庆市,29.642730,106.566020
101050101,哈尔滨,黑龙江省,哈尔滨市,45.8030,126.5351
101050102,双城,黑龙江省,哈尔滨市,45.3779,126.3088
101050103,呼兰,黑龙江省,哈尔滨市,45.8896,126.5877
101050104,阿城,黑龙江省,哈尔滨市,45.5384,126.9727
101050105,宾县,黑龙江省,哈尔滨市,45.7594,127.4859
101050106,依兰,黑龙江省,哈尔滨市,46.3151,129.5656
101050107,巴彦,黑龙江省,哈尔滨市,46.0819,127.4036
101050108,通河,黑龙江省,哈尔滨市,45.9776,128.7478
101050109,方正,黑龙江省,哈尔滨市,45.8395,128.8361
101050110,延寿,黑龙江省,哈尔滨市,45.4556,128.3319
101050111,尚志,黑龙江省,哈尔滨市,45.2150,127.9685
101050112,五常,黑龙江省,哈尔滨市,44.9194,127.1576
101050113,木兰,黑龙江省,哈尔滨市,45.9498,128.0427
101050114,道里,黑龙江省,哈尔滨市,45.7620,126.6125
101050115,南岗,黑龙江省,哈尔滨市,45.7560,126.6521
101050116,道外,黑龙江省,哈尔滨市,45.7845,126.6488
101050117,平房,黑龙江省,哈尔滨市,45.6056,126.6293
101050118,松北,黑龙江省,哈尔滨市,45.8147,126.5631
101050119,香坊,黑龙江省,哈尔滨市,45.7131,126.6670
101050201,齐齐哈尔,黑龙江省,齐齐哈尔市,47.3421,123.9579
101050202,讷河,黑龙江省,齐齐哈尔市,48.4811,124.8822
101050203,龙江,黑龙江省,齐齐哈尔市,47.3364,123.1872
101050204,甘南,黑龙江省,齐齐哈尔市,47.9178,123.5060
101050205,富裕,黑龙江省,齐齐哈尔市,47.7972,124.4691
101050206,依安,黑龙江省,齐齐哈尔市,47.8901,125.3076
101050207,拜泉,黑龙江省,齐齐哈尔市,47.6074,126.0919
101050208,克山,黑龙江省,齐齐哈尔市,48.0343,125.8744
101050209,克东,黑龙江省,齐齐哈尔市,48.0373,126.2491
101050210,泰来,黑龙江省,齐齐哈尔市,46.3923,123.4195
101050211,龙沙,黑龙江省,齐齐哈尔市,47.3417,123.9573
101050212,建华,黑龙江省,齐齐哈尔市,47.3545,123.9559
101050213,铁锋,黑龙江省,齐齐哈尔市,47.3395,123.9736
101050214,昂昂溪,黑龙江省,齐齐哈尔市,47.1569,123.8132
101050215,富拉尔基,黑龙江省,齐齐哈尔市,47.2070,123.6389
101050216,碾子山,黑龙江省,齐齐哈尔市,47.5140,122.8880
101050217,梅里斯,黑龙江省,齐齐哈尔市,47.3111,123.7546
101050301,牡丹江,黑龙江省,牡丹江市,44.5830,129.6186
101050302,海林,黑龙江省,牡丹江市,44.5742,129.3879
101050303,穆棱,黑龙江省,牡丹江市,44.9197,130.5271
101050304,林口,黑龙江省,牡丹江市,45.2866,130.2684
101050305,绥芬河,黑龙江省,牡丹江市,44.3969,131.1649
101050306,宁安,黑龙江省,牡丹江市,44.3468,129.4700
101050307,东宁,黑龙江省,牡丹江市,44.0636,131.1253
101050308,东安,黑龙江省,牡丹江市,44.5813,129.6267
101050309,阳明,黑龙江省,牡丹江市,44.5963,129.6346
101050310,爱民,黑龙江省,牡丹江市,44.5954,129.6012
101050311,西安,黑龙江省,牡丹江市,44.5810,129.6131
101050401,佳木斯,黑龙江省,佳木斯市,46.8096,130.3616
101050402,汤原,黑龙江省,佳木斯市,46.7300,129.9045
101050403,抚远,黑龙江省,佳木斯市,48.3647,134.2945
101050404,桦川,黑龙江省,佳木斯市,47.0230,130.7237
101050405,桦南,黑龙江省,佳木斯市,46.2401,130.5701
101050406,同江,黑龙江省,佳木斯市,47.6511,132.5101
101050407,富锦,黑龙江省,佳木斯市,47.2507,132.0379
101050408,向阳,黑龙江省,佳木斯市,46.8096,130.3618
101050409,前进,黑龙江省,佳木斯市,46.8123,130.3777
101050410,东风,黑龙江省,佳木斯市,46.8225,130.4033
101050411,郊区,黑龙江省,佳木斯市,46.8071,130.3516
101050501,绥化,黑龙江省,绥化市,46.6374,126.9929
101050502,肇东,黑龙江省,绥化市,46.0695,125.9914
101050503,安达,黑龙江省,绥化市,46.4106,125.3299
101050504,海伦,黑龙江省,绥化市,47.4604,126.9694
101050505,明水,黑龙江省,绥化市,47.1835,125.9075
101050506,望奎,黑龙江省,绥化市,46.8335,126.4842
101050507,兰西,黑龙江省,绥化市,46.2590,126.2893
101050508,青冈,黑龙江省,绥化市,46.6866,126.1123
101050509,庆安,黑龙江省,绥化市,46.8792,127.5100
101050510,绥棱,黑龙江省,绥化市,47.2472,127.1111
101050511,北林,黑龙江省,绥化市,46.6349,126.9907
101050601,黑河,黑龙江省,黑河市,50.2496,127.4990
101050602,嫩江,黑龙江省,黑河市,49.1775,125.2299
101050603,孙吴,黑龙江省,黑河市,49.4239,127.3273
101050604,逊克,黑龙江省,黑河市,49.5830,128.4762
101050605,五大连池,黑龙江省,黑河市,48.5127,126.1977
101050606,北安,黑龙江省,黑河市,48.2454,126.5087
101050607,爱辉,黑龙江省,黑河市,50.2490,127.4976
101050701,大兴安岭,黑龙江省,大兴安岭地区,50.4113,124.1179
101050702,塔河,黑龙江省,大兴安岭地区,52.3352,124.7105
101050703,漠河,黑龙江省,大兴安岭地区,52.9721,122.5363
101050704,呼玛,黑龙江省,大兴安岭地区,51.7270,126.6621
101050708,加格达奇区,黑龙江省,大兴安岭地区,50.4088,124.1397
101050801,伊春,黑龙江省,伊春市,47.7269,128.8993
101050804,铁力,黑龙江省,伊春市,46.9858,128.0306
101050805,嘉荫,黑龙江省,伊春市,48.8914,130.3977
101050806,南岔,黑龙江省,伊春市,47.1390,129.2836
101050807,友好,黑龙江省,伊春市,47.8543,128.8390
101050808,金林,黑龙江省,伊春市,47.4130,129.4288
101050811,伊美,黑龙江省,伊春市,47.7283,128.9072
101050813,乌翠,黑龙江省,伊春市,47.7265,128.6695
101050814,汤旺县,黑龙江省,伊春市,48.4537,129.5722
101050815,大箐山县,黑龙江省,伊春市,47.0275,129.0211
101050816,丰林,黑龙江省,伊春市,48.2906,129.5337
101050901,大庆,黑龙江省,大庆市,46.5907,125.1127
101050902,林甸,黑龙江省,大庆市,47.1864,124.8777
101050903,肇州,黑龙江省,大庆市,45.7087,125.2733
101050904,肇源,黑龙江省,大庆市,45.5188,125.0820
101050905,杜尔伯特,黑龙江省,大庆市,46.8660,124.4463
101050906,萨尔图,黑龙江省,大庆市,46.5964,125.1146
101050907,龙凤,黑龙江省,大庆市,46.5739,125.1458
101050908,让胡路,黑龙江省,大庆市,46.6533,124.8683
101050909,红岗,黑龙江省,大庆市,46.4030,124.8895
101050910,大同,黑龙江省,大庆市,46.0343,124.8185
101051001,新兴,黑龙江省,七台河市,45.7943,130.8895
101051002,七台河,黑龙江省,七台河市,45.7713,131.0156
101051003,勃利,黑龙江省,七台河市,45.7516,130.5750
101051004,桃山,黑龙江省,七台河市,45.7712,131.0159
101051005,茄子河,黑龙江省,七台河市,45.7766,131.0716
101051101,鸡西,黑龙江省,鸡西市,45.3000,130.9760
101051102,虎林,黑龙江省,鸡西市,45.7680,132.9739
101051103,密山,黑龙江省,鸡西市,45.5472,131.8741
101051104,鸡东,黑龙江省,鸡西市,45.2509,131.1489
101051105,鸡冠,黑龙江省,鸡西市,45.3003,130.9744
101051106,恒山,黑龙江省,鸡西市,45.2132,130.9106
101051107,滴道,黑龙江省,鸡西市,45.3488,130.8468
101051108,梨树,黑龙江省,鸡西市,45.0922,130.6978
101051109,城子河,黑龙江省,鸡西市,45.3382,131.0105
101051110,麻山,黑龙江省,鸡西市,45.2096,130.4811
101051201,鹤岗,黑龙江省,鹤岗市,47.3321,130.2775
101051202,绥滨,黑龙江省,鹤岗市,47.2899,131.8605
101051203,萝北,黑龙江省,鹤岗市,47.5776,130.8291
101051204,向阳,黑龙江省,鹤岗市,47.3454,130.2925
101051205,工农,黑龙江省,鹤岗市,47.3317,130.2767
101051206,南山,黑龙江省,鹤岗市,47.3132,130.2755
101051207,兴安,黑龙江省,鹤岗市,47.2529,130.2362
101051208,东山,黑龙江省,鹤岗市,47.3374,130.3171
101051209,兴山,黑龙江省,鹤岗市,47.3600,130.3053
101051301,双鸭山,黑龙江省,双鸭山市,46.6434,131.1573
101051302,集贤,黑龙江省,双鸭山市,46.7290,131.1393
101051303,宝清,黑龙江省,双鸭山市,46.3288,132.2064
101051304,饶河,黑龙江省,双鸭山市,46.8013,134.0212
101051305,友谊,黑龙江省,双鸭山市,46.7752,131.8106
101051306,尖山,黑龙江省,双鸭山市,46.6430,131.1590
101051307,岭东,黑龙江省,双鸭山市,46.5911,131.1637
101051308,四方台,黑龙江省,双鸭山市,46.5943,131.3332
101051309,宝山,黑龙江省,双鸭山市,46.5734,131.4043
101060101,长春,吉林省,长春市,43.8170,125.3236
101060102,农安,吉林省,长春市,44.4313,125.1753
101060103,德惠,吉林省,长春市,44.5339,125.7033
101060104,九台,吉林省,长春市,44.1572,125.8447
101060105,榆树,吉林省,长春市,44.8276,126.5501
101060106,双阳,吉林省,长春市,43.5252,125.6590
101060107,二道,吉林省,长春市,43.8708,125.3847
101060108,南关,吉林省,长春市,43.8902,125.3372
101060109,宽城,吉林省,长春市,43.9038,125.3428
101060110,朝阳,吉林省,长春市,43.8649,125.3180
101060111,绿园,吉林省,长春市,43.8922,125.2725
101060201,吉林,吉林省,吉林市,43.8436,126.5530
101060202,舒兰,吉林省,吉林市,44.4109,126.9478
101060203,永吉,吉林省,吉林市,43.6674,126.5016
101060204,蛟河,吉林省,吉林市,43.7206,127.3427
101060205,磐石,吉林省,吉林市,42.9425,126.0599
101060206,桦甸,吉林省,吉林市,42.9721,126.7454
101060207,昌邑,吉林省,吉林市,43.8511,126.5708
101060208,龙潭,吉林省,吉林市,43.9098,126.5614
101060209,船营,吉林省,吉林市,43.8438,126.5524
101060210,丰满,吉林省,吉林市,43.8166,126.5608
101060301,延吉,吉林省,延边朝鲜族自治州,42.9070,129.5158
101060302,敦化,吉林省,延边朝鲜族自治州,43.3669,128.2299
101060303,安图,吉林省,延边朝鲜族自治州,43.1110,128.9019
101060304,汪清,吉林省,延边朝鲜族自治州,43.3154,129.7662
101060305,和龙,吉林省,延边朝鲜族自治州,42.5470,129.0087
101060306,延边,吉林省,延边朝鲜族自治州,42.9048,129.5132
101060307,龙井,吉林省,延边朝鲜族自治州,42.7710,129.4258
101060308,珲春,吉林省,延边朝鲜族自治州,42.8711,130.3658
101060309,图们,吉林省,延边朝鲜族自治州,42.9666,129.8467
101060401,四平,吉林省,四平市,43.1703,124.3708
101060402,双辽,吉林省,四平市,43.5183,123.5053
101060403,梨树,吉林省,四平市,43.3083,124.3358
101060404,公主岭,吉林省,长春市,43.5095,124.8176
101060405,伊通,吉林省,四平市,43.3455,125.3031
101060406,铁西,吉林省,四平市,43.1763,124.3609
101060407,铁东,吉林省,四平市,43.1673,124.3885
101060501,通化,吉林省,通化市,41.7212,125.9365
101060502,梅河口,吉林省,通化市,42.5300,125.6873
101060503,柳河,吉林省,通化市,42.2815,125.7405
101060504,辉南,吉林省,通化市,42.6835,126.0428
101060505,集安,吉林省,通化市,41.1263,126.1862
101060506,通化县,吉林省,通化市,41.6779,125.7531
101060507,东昌,吉林省,通化市,41.7212,125.9367
101060508,二道江,吉林省,通化市,41.7776,126.0460
101060601,白城,吉林省,白城市,45.6190,122.8411
101060602,洮南,吉林省,白城市,45.3391,122.7838
101060603,大安,吉林省,白城市,45.5076,124.2915
101060604,镇赉,吉林省,白城市,45.8461,123.2022
101060605,通榆,吉林省,白城市,44.8092,123.0885
101060606,洮北,吉林省,白城市,45.6193,122.8425
101060701,辽源,吉林省,辽源市,42.9027,125.1453
101060702,东丰,吉林省,辽源市,42.6752,125.5296
101060703,东辽,吉林省,辽源市,42.9277,124.9920
101060704,龙山,吉林省,辽源市,42.9027,125.1452
101060705,西安,吉林省,辽源市,42.9204,125.1514
101060801,松原,吉林省,松原市,45.1182,124.8236
101060802,乾安,吉林省,松原市,45.0068,124.0244
101060803,前郭,吉林省,松原市,45.1163,124.8268
101060804,长岭,吉林省,松原市,44.2766,123.9852
101060805,扶余,吉林省,松原市,44.9862,126.0428
101060806,宁江,吉林省,松原市,45.1765,124.8279
101060901,白山,吉林省,白山市,41.9425,126.4278
101060902,靖宇,吉林省,白山市,42.3897,126.8084
101060903,临江,吉林省,白山市,41.8107,126.9193
101060905,长白,吉林省,白山市,41.4194,128.2034
101060906,抚松,吉林省,白山市,42.2210,127.4494
101060907,江源,吉林省,白山市,42.0481,126.5842
101060908,浑江,吉林省,白山市,41.9431,126.4280
101070101,沈阳,辽宁省,沈阳市,41.6776,123.4647
101070102,浑南,辽宁省,沈阳市,41.7419,123.4590
101070103,辽中,辽宁省,沈阳市,41.5127,122.7313
101070104,康平,辽宁省,沈阳市,42.7415,123.3527
101070105,法库,辽宁省,沈阳市,42.5070,123.4167
101070106,新民,辽宁省,沈阳市,41.9965,122.8289
101070107,和平,辽宁省,沈阳市,41.7881,123.4067
101070108,沈河,辽宁省,沈阳市,41.7956,123.4457
101070109,大东,辽宁省,沈阳市,41.8085,123.4700
101070110,皇姑,辽宁省,沈阳市,41.8223,123.4057
101070111,铁西,辽宁省,沈阳市,41.7878,123.3507
101070112,苏家屯,辽宁省,沈阳市,41.6659,123.3416
101070113,沈北新区,辽宁省,沈阳市,41.9131,123.5842
101070114,于洪,辽宁省,沈阳市,41.7958,123.3108
101070201,大连,辽宁省,大连市,38.9146,121.6186
101070202,瓦房店,辽宁省,大连市,39.6307,122.0027
101070203,金州,辽宁省,大连市,39.0527,121.7894
101070204,普兰店,辽宁省,大连市,39.4016,121.9705
101070205,旅顺,辽宁省,大连市,38.8120,121.2671
101070206,长海,辽宁省,大连市,39.2724,122.5878
101070207,庄河,辽宁省,大连市,39.6983,122.9706
101070208,中山,辽宁省,大连市,38.9216,121.6438
101070209,西岗,辽宁省,大连市,38.9143,121.6161
101070210,沙河口,辽宁省,大连市,38.9129,121.5937
101070211,甘井子,辽宁省,大连市,38.9530,121.5255
101070301,鞍山,辽宁省,鞍山市,41.1106,122.9956
101070302,台安,辽宁省,鞍山市,41.3869,122.4297
101070303,岫岩,辽宁省,鞍山市,40.2815,123.2883
101070304,海城,辽宁省,鞍山市,40.8826,122.6852
101070305,铁东,辽宁省,鞍山市,41.1103,122.9945
101070306,铁西,辽宁省,鞍山市,41.1107,122.9718
101070307,立山,辽宁省,鞍山市,41.1506,123.0248
101070308,千山,辽宁省,鞍山市,41.0689,122.9493
101070401,抚顺,辽宁省,抚顺市,41.8813,123.9571
101070402,新宾,辽宁省,抚顺市,41.7325,125.0375
101070403,清原,辽宁省,抚顺市,42.1013,124.9272
101070405,新抚,辽宁省,抚顺市,41.8608,123.9029
101070406,东洲,辽宁省,抚顺市,41.8668,124.0472
101070407,望花,辽宁省,抚顺市,41.8518,123.8015
101070408,顺城,辽宁省,抚顺市,41.8811,123.9172
101070409,抚顺县,辽宁省,抚顺市,41.7301,123.8999
101070501,本溪,辽宁省,本溪市,41.4868,123.6850
101070502,本溪县,辽宁省,本溪市,41.3016,124.1196
101070503,平山,辽宁省,本溪市,41.2916,123.7612
101070504,桓仁,辽宁省,本溪市,41.2690,125.3592
101070505,溪湖,辽宁省,本溪市,41.3301,123.7652
101070506,明山,辽宁省,本溪市,41.3436,123.8618
101070507,南芬,辽宁省,本溪市,41.1041,123.7484
101070601,丹东,辽宁省,丹东市,40.0007,124.3544
101070602,凤城,辽宁省,丹东市,40.4576,124.0711
101070603,宽甸,辽宁省,丹东市,40.7304,124.7849
101070604,东港,辽宁省,丹东市,39.8835,124.1494
101070605,元宝,辽宁省,丹东市,40.1365,124.3978
101070606,振兴,辽宁省,丹东市,40.1028,124.3612
101070607,振安,辽宁省,丹东市,40.2015,124.4700
101070701,锦州,辽宁省,锦州市,41.1193,121.1357
101070702,凌海,辽宁省,锦州市,41.1717,121.3642
101070703,古塔,辽宁省,锦州市,41.1157,121.1301
101070704,义县,辽宁省,锦州市,41.5372,121.2428
101070705,黑山,辽宁省,锦州市,41.6918,122.1179
101070706,北镇,辽宁省,锦州市,41.5988,121.7960
101070707,凌河,辽宁省,锦州市,41.1147,121.1513
101070708,太和,辽宁省,锦州市,41.1054,121.1073
101070801,营口,辽宁省,营口市,40.6674,122.2352
101070802,大石桥,辽宁省,营口市,40.6340,122.5059
101070803,盖州,辽宁省,营口市,40.4052,122.3555
101070804,站前,辽宁省,营口市,40.6699,122.2532
101070805,西市,辽宁省,营口市,40.6631,122.2101
101070806,鲅鱼圈,辽宁省,营口市,40.2636,122.1272
101070807,老边,辽宁省,营口市,40.6713,122.3080
101070901,阜新,辽宁省,阜新市,42.0220,121.6701
101070902,彰武,辽宁省,阜新市,42.3848,122.5374
101070903,海州,辽宁省,阜新市,42.0112,121.6576
101070904,新邱,辽宁省,阜新市,42.0866,121.7905
101070905,太平,辽宁省,阜新市,42.0111,121.6776
101070906,清河门,辽宁省,阜新市,41.7805,121.4202
101070907,细河,辽宁省,阜新市,42.0192,121.6548
101070908,阜新县,辽宁省,阜新市,42.0652,121.7579
101071001,辽阳,辽宁省,辽阳市,41.2694,123.1815
101071002,辽阳县,辽宁省,辽阳市,41.2165,123.0797
101071003,灯塔,辽宁省,辽阳市,41.4278,123.3259
101071004,弓长岭,辽宁省,辽阳市,41.1578,123.4316
101071005,白塔,辽宁省,辽阳市,41.2704,123.1743
101071006,文圣,辽宁省,辽阳市,41.2824,123.2313
101071007,宏伟,辽宁省,辽阳市,41.2057,123.2005
101071008,太子河,辽宁省,辽阳市,41.2950,123.1814
101071101,铁岭,辽宁省,铁岭市,42.2233,123.7257
101071102,开原,辽宁省,铁岭市,42.5421,124.0455
101071103,昌图,辽宁省,铁岭市,42.7844,124.1102
101071104,西丰,辽宁省,铁岭市,42.7381,124.7233
101071105,调兵山,辽宁省,铁岭市,42.4507,123.5454
101071106,银州,辽宁省,铁岭市,42.2923,123.8449
101071107,清河,辽宁省,铁岭市,42.5430,124.1490
101071108,铁岭县,辽宁省,铁岭市,42.2234,123.7290
101071201,朝阳,辽宁省,朝阳市,41.5768,120.4512
101071202,双塔,辽宁省,朝阳市,41.5794,120.4488
101071203,凌源,辽宁省,朝阳市,41.2431,119.4048
101071204,喀左,辽宁省,朝阳市,41.1282,119.7412
101071205,北票,辽宁省,朝阳市,41.8033,120.7670
101071206,龙城,辽宁省,朝阳市,41.5767,120.4134
101071207,建平县,辽宁省,朝阳市,41.4026,119.6424
101071208,朝阳县,辽宁省,朝阳市,41.4978,120.3899
101071301,盘锦,辽宁省,盘锦市,40.7196,122.1707
101071302,大洼,辽宁省,盘锦市,40.9944,122.0717
101071303,盘山,辽宁省,盘锦市,41.2407,121.9853
101071304,双台子,辽宁省,盘锦市,41.1904,122.0557
101071305,兴隆台,辽宁省,盘锦市,41.1224,122.0716
101071401,葫芦岛,辽宁省,葫芦岛市,40.7110,120.8368
101071402,建昌,辽宁省,葫芦岛市,40.8129,119.8078
101071403,绥中,辽宁省,葫芦岛市,40.3284,120.3421
101071404,兴城,辽宁省,葫芦岛市,40.6194,120.7294
101071405,连山,辽宁省,葫芦岛市,40.7551,120.8594
101071406,龙港,辽宁省,葫芦岛市,40.7357,120.8941
101071407,南票,辽宁省,葫芦岛市,41.0988,120.7523
101080101,呼和浩特,内蒙古自治区,呼和浩特市,40.8421,111.7488
101080102,土左旗,内蒙古自治区,呼和浩特市,40.7290,111.1637
101080103,托克托,内蒙古自治区,呼和浩特市,40.2777,111.1939
101080104,和林,内蒙古自治区,呼和浩特市,40.3803,111.8241
101080105,清水河,内蒙古自治区,呼和浩特市,39.9125,111.6722
101080106,赛罕,内蒙古自治区,呼和浩特市,40.8078,111.6985
101080107,武川,内蒙古自治区,呼和浩特市,41.0945,111.4566
101080108,新城,内蒙古自治区,呼和浩特市,40.8262,111.6860
101080109,回民,内蒙古自治区,呼和浩特市,40.8151,111.6622
101080110,玉泉,内蒙古自治区,呼和浩特市,40.7531,111.6742
101080201,包头,内蒙古自治区,包头市,40.6213,109.9532
101080202,白云鄂博,内蒙古自治区,包头市,41.7692,109.9702
101080204,土右旗,内蒙古自治区,包头市,40.5783,110.5278
101080205,固阳,内蒙古自治区,包头市,41.0300,110.0634
101080206,达茂旗,内蒙古自治区,包头市,41.6990,110.4326
101080208,东河,内蒙古自治区,包头市,40.5871,110.0269
101080209,昆都仑,内蒙古自治区,包头市,40.6613,109.8229
101080210,青山,内蒙古自治区,包头市,40.6686,109.8801
101080211,石拐,内蒙古自治区,包头市,40.6767,110.0608
101080212,九原,内蒙古自治区,包头市,40.6006,109.9681
101080301,乌海,内蒙古自治区,乌海市,39.6737,106.8256
101080302,海勃湾,内蒙古自治区,乌海市,39.6735,106.8178
101080303,海南,内蒙古自治区,乌海市,39.4415,106.8848
101080304,乌达,内蒙古自治区,乌海市,39.5023,106.7227
101080401,集宁,内蒙古自治区,乌兰察布市,41.0007,113.1690
101080402,卓资,内蒙古自治区,乌兰察布市,40.8958,112.5777
101080403,化德,内蒙古自治区,乌兰察布市,41.8993,114.0101
101080404,商都,内蒙古自治区,乌兰察布市,41.5602,113.5606
101080405,乌兰察布,内蒙古自治区,乌兰察布市,41.0341,113.1145
101080406,兴和,内蒙古自治区,乌兰察布市,40.8724,113.8340
101080407,凉城,内蒙古自治区,乌兰察布市,40.5316,112.5009
101080408,察右前旗,内蒙古自治区,乌兰察布市,40.7836,113.2124
101080409,察右中旗,内蒙古自治区,乌兰察布市,41.2775,112.6354
101080410,察右后旗,内蒙古自治区,乌兰察布市,41.4359,113.1915
101080411,四子王旗,内蒙古自治区,乌兰察布市,41.5281,111.7012
101080412,丰镇,内蒙古自治区,乌兰察布市,40.4375,113.1635
101080501,通辽,内蒙古自治区,通辽市,43.6174,122.2631
101080503,科左中旗,内蒙古自治区,通辽市,44.1266,123.3122
101080504,科左后旗,内蒙古自治区,通辽市,42.9351,122.3568
101080506,开鲁,内蒙古自治区,通辽市,43.6024,121.3088
101080507,库伦,内蒙古自治区,通辽市,42.7347,121.7749
101080508,奈曼,内蒙古自治区,通辽市,42.8469,120.6625
101080509,扎鲁特,内蒙古自治区,通辽市,44.5553,120.9053
101080510,科尔沁,内蒙古自治区,通辽市,43.6231,122.2555
101080512,霍林郭勒,内蒙古自治区,通辽市,45.5324,119.6579
101080601,赤峰,内蒙古自治区,赤峰市,42.2569,118.8876
101080602,红山,内蒙古自治区,赤峰市,42.2697,118.9611
101080603,阿鲁旗,内蒙古自治区,赤峰市,43.8724,120.0655
101080605,巴林左旗,内蒙古自治区,赤峰市,43.9807,119.3917
101080606,巴林右旗,内蒙古自治区,赤峰市,43.5290,118.6783
101080607,林西,内蒙古自治区,赤峰市,43.6053,118.0577
101080608,克什克腾,内蒙古自治区,赤峰市,43.2562,117.5425
101080609,翁牛特,内蒙古自治区,赤峰市,42.9371,119.0226
101080611,喀喇沁,内蒙古自治区,赤峰市,41.9278,118.7086
101080613,宁城,内蒙古自治区,赤峰市,41.5987,119.3392
101080614,敖汉,内蒙古自治区,赤峰市,42.2870,119.9065
101080616,元宝山,内蒙古自治区,赤峰市,42.0412,119.2899
101080617,松山,内蒙古自治区,赤峰市,42.2810,118.9390
101080701,鄂尔多斯,内蒙古自治区,鄂尔多斯市,39.6087,109.7825
101080703,达拉特,内蒙古自治区,鄂尔多斯市,40.4041,110.0403
101080704,准格尔,内蒙古自治区,鄂尔多斯市,39.8652,111.2383
101080705,鄂前旗,内蒙古自治区,鄂尔多斯市,38.1824,107.4773
101080708,鄂托克,内蒙古自治区,鄂尔多斯市,39.0958,107.9826
101080709,杭锦旗,内蒙古自治区,鄂尔多斯市,39.8318,108.7363
101080710,乌审旗,内蒙古自治区,鄂尔多斯市,38.5966,108.8425
101080711,伊金霍洛,内蒙古自治区,鄂尔多斯市,39.5651,109.7474
101080713,东胜,内蒙古自治区,鄂尔多斯市,39.8179,109.9894
101080714,康巴什,内蒙古自治区,鄂尔多斯市,39.6079,109.8586
101080801,临河,内蒙古自治区,巴彦淖尔市,40.7571,107.4170
101080802,五原,内蒙古自治区,巴彦淖尔市,41.0976,108.2707
101080803,磴口,内蒙古自治区,巴彦淖尔市,40.3305,107.0061
101080804,乌前旗,内蒙古自治区,巴彦淖尔市,40.7370,108.6521
101080806,乌中旗,内蒙古自治区,巴彦淖尔市,41.5881,108.5137
101080807,乌后旗,内蒙古自治区,巴彦淖尔市,41.0841,107.0748
101080810,杭锦后旗,内蒙古自治区,巴彦淖尔市,40.8888,107.1477
101080811,巴彦淖尔,内蒙古自治区,巴彦淖尔市,40.7574,107.4170
101080901,锡林浩特,内蒙古自治区,锡林郭勒盟,43.9443,116.0919
101080902,锡林郭勒,内蒙古自治区,锡林郭勒盟,43.9440,116.0910
101080903,二连浩特,内蒙古自治区,锡林郭勒盟,43.6529,111.9798
101080904,阿巴嘎,内蒙古自治区,锡林郭勒盟,44.0227,114.9706
101080906,苏左旗,内蒙古自治区,锡林郭勒盟,43.8597,113.6672
101080907,苏右旗,内蒙古自治区,锡林郭勒盟,42.7424,112.6418
101080909,东乌旗,内蒙古自治区,锡林郭勒盟,45.4973,116.9753
101080910,西乌旗,内蒙古自治区,锡林郭勒盟,44.5878,117.6087
101080911,太仆寺,内蒙古自治区,锡林郭勒盟,41.8952,115.2873
101080912,镶黄旗,内蒙古自治区,锡林郭勒盟,42.2392,113.8439
101080913,正镶白旗,内蒙古自治区,锡林郭勒盟,42.2868,115.0314
101080914,正蓝旗,内蒙古自治区,锡林郭勒盟,42.2459,116.0033
101080915,多伦,内蒙古自治区,锡林郭勒盟,42.1980,116.4773
101081001,海拉尔,内蒙古自治区,呼伦贝尔市,49.2347,119.8245
101081003,阿荣旗,内蒙古自治区,呼伦贝尔市,48.1266,123.4591
101081004,莫力达瓦,内蒙古自治区,呼伦贝尔市,48.4777,124.5190
101081005,鄂伦春旗,内蒙古自治区,呼伦贝尔市,50.5916,123.7258
101081006,鄂温克旗,内蒙古自治区,呼伦贝尔市,49.1466,119.7552
101081007,陈旗,内蒙古自治区,呼伦贝尔市,49.3289,119.4240
101081008,新左旗,内蒙古自治区,呼伦贝尔市,48.2183,118.2698
101081009,新右旗,内蒙古自治区,呼伦贝尔市,48.6719,116.8237
101081010,满洲里,内蒙古自治区,呼伦贝尔市,49.5986,117.3791
101081011,牙克石,内蒙古自治区,呼伦贝尔市,49.2870,120.7290
101081012,扎兰屯,内蒙古自治区,呼伦贝尔市,48.0074,122.7444
101081013,呼伦贝尔,内蒙古自治区,呼伦贝尔市,49.1665,119.7785
101081014,额尔古纳,内蒙古自治区,呼伦贝尔市,50.2439,120.1786
101081015,根河,内蒙古自治区,呼伦贝尔市,50.7805,121.5327
101081017,扎赉诺尔,内蒙古自治区,呼伦贝尔市,49.5112,117.6699
101081101,乌兰浩特,内蒙古自治区,兴安盟,46.0772,122.0690
101081102,阿尔山,内蒙古自治区,兴安盟,47.1770,119.9437
101081103,科右中旗,内蒙古自治区,兴安盟,45.0607,121.4764
101081105,扎赉特,内蒙古自治区,兴安盟,46.7251,122.9093
101081107,突泉,内蒙古自治区,兴安盟,45.3810,121.5649
101081108,兴安盟,内蒙古自治区,兴安盟,46.0763,122.0703
101081109,科右前旗,内蒙古自治区,兴安盟,46.0797,121.9526
101081201,阿左旗,内蒙古自治区,阿拉善盟,38.8336,105.6662
101081202,阿右旗,内蒙古自治区,阿拉善盟,39.2162,101.6669
101081203,额济纳,内蒙古自治区,阿拉善盟,41.9588,101.0694
101081213,阿拉善盟,内蒙古自治区,阿拉善盟,38.8448,105.7064
101090101,石家庄,河北省,石家庄市,38.0455,114.5025
101090102,井陉,河北省,石家庄市,38.0336,114.1445
101090103,正定,河北省,石家庄市,38.1478,114.5699
101090104,栾城,河北省,石家庄市,37.8869,114.6543
101090105,行唐,河北省,石家庄市,38.4374,114.5527
101090106,灵寿,河北省,石家庄市,38.3065,114.3795
101090107,高邑,河北省,石家庄市,37.6057,114.6107
101090108,深泽,河北省,石家庄市,38.1845,115.2002
101090109,赞皇,河北省,石家庄市,37.6602,114.3878
101090110,无极,河北省,石家庄市,38.1764,114.9778
101090111,平山,河北省,石家庄市,38.2593,114.1841
101090112,元氏,河北省,石家庄市,37.7625,114.5262
101090113,赵县,河北省,石家庄市,37.7543,114.7754
101090114,辛集,河北省,石家庄市,37.9290,115.2175
101090115,藁城,河北省,石家庄市,38.0338,114.8496
101090116,晋州,河北省,石家庄市,38.0275,115.0449
101090117,新乐,河北省,石家庄市,38.3448,114.6858
101090118,鹿泉,河北省,石家庄市,38.0940,114.3210
101090119,长安,河北省,石家庄市,38.0475,114.5481
101090120,桥西,河北省,石家庄市,38.0284,114.4629
101090121,新华,河北省,石家庄市,38.0671,114.4660
101090122,井陉矿区,河北省,石家庄市,38.0697,114.0582
101090123,裕华,河北省,石家庄市,38.0277,114.5333
101090201,保定,河北省,保定市,38.8677,115.4823
101090202,满城,河北省,保定市,38.9514,115.3244
101090203,阜平,河北省,保定市,38.8473,114.1988
101090204,徐水,河北省,保定市,39.0204,115.6494
101090205,唐县,河北省,保定市,38.7485,114.9812
101090206,高阳,河北省,保定市,38.6901,115.7789
101090208,竞秀,河北省,保定市,38.8866,115.4707
101090209,涞源,河北省,保定市,39.3576,114.6926
101090210,望都,河北省,保定市,38.7074,115.1540
101090212,易县,河北省,保定市,39.3530,115.5011
101090213,莲池,河北省,保定市,38.8650,115.5009
101090214,曲阳,河北省,保定市,38.6200,114.7041
101090215,蠡县,河北省,保定市,38.4964,115.5836
101090216,顺平,河北省,保定市,38.8451,115.1328
101090218,涿州,河北省,保定市,39.4858,115.9734
101090219,定州,河北省,保定市,38.5176,114.9914
101090220,安国,河北省,保定市,38.4214,115.3314
101090221,高碑店,河北省,保定市,39.3277,115.8827
101090222,涞水,河北省,保定市,39.3931,115.7120
101090223,定兴,河北省,保定市,39.2662,115.7969
101090224,清苑,河北省,保定市,38.7710,115.4922
101090225,博野,河北省,保定市,38.4583,115.4618
101090301,张家口,河北省,张家口市,40.8119,114.8841
101090302,宣化,河北省,张家口市,40.6094,115.0632
101090303,张北,河北省,张家口市,41.1517,114.7160
101090304,康保,河北省,张家口市,41.8500,114.6158
101090305,沽源,河北省,张家口市,41.6674,115.6848
101090306,尚义,河北省,张家口市,41.0801,113.9777
101090307,蔚县,河北省,张家口市,39.8372,114.5827
101090308,阳原,河北省,张家口市,40.1134,114.1673
101090309,怀安,河北省,张家口市,40.6713,114.4224
101090310,万全,河北省,张家口市,40.7651,114.7361
101090311,怀来,河北省,张家口市,40.4054,115.5208
101090312,涿鹿,河北省,张家口市,40.3787,115.2192
101090313,赤城,河北省,张家口市,40.9121,115.8327
101090314,崇礼,河北省,张家口市,40.9713,115.2817
101090315,桥东,河北省,张家口市,40.8139,114.8857
101090316,桥西,河北省,张家口市,40.8244,114.8821
101090317,下花园,河北省,张家口市,40.4886,115.2810
101090401,双桥,河北省,承德市,40.9747,117.9434
101090402,承德,河北省,承德市,40.9762,117.9392
101090403,承德县,河北省,承德市,40.7686,118.1725
101090404,兴隆,河北省,承德市,40.4185,117.5071
101090405,平泉,河北省,承德市,41.0056,118.6902
101090406,滦平,河北省,承德市,40.9366,117.3371
101090407,隆化,河北省,承德市,41.3167,117.7363
101090408,丰宁,河北省,承德市,41.2099,116.6512
101090409,宽城,河北省,承德市,40.6080,118.4886
101090410,围场,河北省,承德市,41.9494,117.7641
101090411,双滦,河北省,承德市,40.9598,117.7975
101090412,鹰手营子矿,河北省,承德市,40.5470,117.6612
101090501,唐山,河北省,唐山市,39.6351,118.1754
101090502,丰南,河北省,唐山市,39.5630,118.1108
101090503,丰润,河北省,唐山市,39.8314,118.1558
101090504,滦州,河北省,唐山市,39.7449,118.6995
101090505,滦南,河北省,唐山市,39.5062,118.6815
101090506,乐亭,河北省,唐山市,39.4281,118.9053
101090507,迁西,河北省,唐山市,40.1462,118.3051
101090508,玉田,河北省,唐山市,39.8873,117.7537
101090509,曹妃甸,河北省,唐山市,39.2783,118.4466
101090510,遵化,河北省,唐山市,40.1886,117.9659
101090511,迁安,河北省,唐山市,40.0121,118.7019
101090513,路南,河北省,唐山市,39.6152,118.2108
101090514,路北,河北省,唐山市,39.6285,118.1747
101090515,古冶,河北省,唐山市,39.7157,118.4543
101090516,开平,河北省,唐山市,39.6762,118.2644
101090601,廊坊,河北省,廊坊市,39.5239,116.7044
101090602,固安,河北省,廊坊市,39.4365,116.2999
101090603,永清,河北省,廊坊市,39.3197,116.4981
101090604,香河,河北省,廊坊市,39.7572,117.0072
101090605,大城,河北省,廊坊市,38.6992,116.6407
101090606,文安,河北省,廊坊市,38.8668,116.4601
101090607,大厂,河北省,廊坊市,39.8893,116.9865
101090608,霸州,河北省,廊坊市,39.1173,116.3920
101090609,三河,河北省,廊坊市,39.9828,117.0770
101090610,安次,河北省,廊坊市,39.5026,116.6945
101090611,广阳,河北省,廊坊市,39.5219,116.7137
101090701,沧州,河北省,沧州市,38.3106,116.8575
101090702,青县,河北省,沧州市,38.5696,116.8384
101090703,东光,河北省,沧州市,37.8866,116.5421
101090704,海兴,河北省,沧州市,38.1416,117.4966
101090705,盐山,河北省,沧州市,38.0561,117.2298
101090706,肃宁,河北省,沧州市,38.4271,115.8359
101090707,南皮,河北省,沧州市,38.0424,116.7092
101090708,吴桥,河北省,沧州市,37.6282,116.3915
101090709,献县,河北省,沧州市,38.1897,116.1238
101090710,孟村,河北省,沧州市,38.0580,117.1051
101090711,泊头,河北省,沧州市,38.0735,116.5702
101090712,任丘,河北省,沧州市,38.7065,116.1068
101090713,黄骅,河北省,沧州市,38.3692,117.3438
101090714,河间,河北省,沧州市,38.4415,116.0895
101090715,新华,河北省,沧州市,38.3141,116.8663
101090716,沧县,河北省,沧州市,38.2199,117.0075
101090717,运河,河北省,沧州市,38.3074,116.8401
101090801,衡水,河北省,衡水市,37.7351,115.6660
101090802,枣强,河北省,衡水市,37.5115,115.7265
101090803,武邑,河北省,衡水市,37.8038,115.8924
101090804,武强,河北省,衡水市,38.0370,115.9702
101090805,饶阳,河北省,衡水市,38.2327,115.7266
101090806,安平,河北省,衡水市,38.2335,115.5196
101090807,故城,河北省,衡水市,37.3510,115.9667
101090808,景县,河北省,衡水市,37.6866,116.2584
101090809,阜城,河北省,衡水市,37.8699,116.1647
101090810,冀州,河北省,衡水市,37.5428,115.5792
101090811,深州,河北省,衡水市,38.0035,115.5546
101090812,桃城,河北省,衡水市,37.7322,115.6949
101090901,邢台,河北省,邢台市,37.0602,114.4974
101090902,临城,河北省,邢台市,37.4440,114.5069
101090903,襄都,河北省,邢台市,37.0641,114.5071
101090904,内丘,河北省,邢台市,37.2877,114.5115
101090905,柏乡,河北省,邢台市,37.4836,114.6934
101090906,隆尧,河北省,邢台市,37.3509,114.7763
101090907,南和,河北省,邢台市,37.0038,114.6914
101090908,宁晋,河北省,邢台市,37.6190,114.9210
101090909,巨鹿,河北省,邢台市,37.2177,115.0388
101090910,新河,河北省,邢台市,37.5262,115.2475
101090911,广宗,河北省,邢台市,37.0755,115.1428
101090912,平乡,河北省,邢台市,37.0694,115.0292
101090913,威县,河北省,邢台市,36.9833,115.2728
101090914,清河,河北省,邢台市,37.0600,115.6690
101090915,临西,河北省,邢台市,36.8642,115.4987
101090916,南宫,河北省,邢台市,37.3597,115.3981
101090917,沙河,河北省,邢台市,36.8619,114.5049
101090918,任泽,河北省,邢台市,37.1300,114.6845
101090919,信都,河北省,邢台市,37.0680,114.4737
101091001,邯郸,河北省,邯郸市,36.6123,114.4907
101091002,峰峰,河北省,邯郸市,36.4205,114.2099
101091003,临漳,河北省,邯郸市,36.3376,114.6107
101091004,成安,河北省,邯郸市,36.4438,114.6804
101091005,大名,河北省,邯郸市,36.2833,115.1526
101091006,涉县,河北省,邯郸市,36.5631,113.6733
101091007,磁县,河北省,邯郸市,36.3677,114.3821
101091008,肥乡,河北省,邯郸市,36.5558,114.8052
101091009,永年,河北省,邯郸市,36.7419,114.5366
101091010,邱县,河北省,邯郸市,36.8133,115.1686
101091011,鸡泽,河北省,邯郸市,36.9149,114.8785
101091012,广平,河北省,邯郸市,36.4836,114.9509
101091013,馆陶,河北省,邯郸市,36.5395,115.2891
101091014,魏县,河北省,邯郸市,36.3542,114.9341
101091015,曲周,河北省,邯郸市,36.7734,114.9576
101091016,武安,河北省,邯郸市,36.6961,114.1946
101091017,邯山,河北省,邯郸市,36.6032,114.4850
101091018,丛台,河北省,邯郸市,36.6111,114.4947
101091019,复兴,河北省,邯郸市,36.6155,114.4582
101091101,秦皇岛,河北省,秦皇岛市,39.8882,119.5202
101091102,青龙,河北省,秦皇岛市,40.4060,118.9546
101091103,昌黎,河北省,秦皇岛市,39.7097,119.1645
101091104,抚宁,河北省,秦皇岛市,39.8871,119.2407
101091105,卢龙,河北省,秦皇岛市,39.8916,118.8818
101091106,北戴河,河北省,秦皇岛市,39.8251,119.4863
101091107,海港,河北省,秦皇岛市,39.9435,119.5962
101091108,山海关,河北省,秦皇岛市,39.9980,119.7536
101091201,雄安新区,河北省,雄安新区,39.0432,115.8672
101091202,容城,河北省,保定市,39.0528,115.8662
101091203,安新,河北省,保定市,38.9299,115.9320
101091204,雄县,河北省,保定市,38.9908,116.1075
101100101,太原,山西省,太原市,37.8570,112.5492
101100102,清徐,山西省,太原市,37.6073,112.3580
101100103,阳曲,山西省,太原市,38.0588,112.6738
101100104,娄烦,山西省,太原市,38.0660,111.7938
101100105,古交,山西省,太原市,37.9085,112.1744
101100106,尖草坪区,山西省,太原市,37.9399,112.4871
101100107,小店区,山西省,太原市,37.7369,112.5655
101100108,迎泽,山西省,太原市,37.8558,112.5589
101100109,杏花岭,山西省,太原市,37.8793,112.5607
101100110,万柏林,山西省,太原市,37.8627,112.5223
101100111,晋源,山西省,太原市,37.7156,112.4779
101100201,大同,山西省,大同市,40.0971,113.3668
101100202,阳高,山西省,大同市,40.3649,113.7499
101100203,云州,山西省,大同市,40.0393,113.6113
101100204,天镇,山西省,大同市,40.4213,114.0911
101100205,广灵,山西省,大同市,39.7631,114.2793
101100206,灵丘,山西省,大同市,39.4389,114.2358
101100207,浑源,山西省,大同市,39.6991,113.6981
101100208,左云,山西省,大同市,40.0129,112.7064
101100209,云冈,山西省,大同市,40.0363,113.1687
101100211,新荣,山西省,大同市,40.2583,113.1410
101100214,平城,山西省,大同市,40.0753,113.2980
101100301,阳泉,山西省,阳泉市,37.8612,113.5833
101100302,盂县,山西省,阳泉市,38.0861,113.4122
101100303,平定,山西省,阳泉市,37.8003,113.6311
101100304,矿区,山西省,阳泉市,37.8701,113.5591
101100305,郊区,山西省,阳泉市,37.9437,113.5940
101100306,城区,山西省,阳泉市,37.8475,113.6007
101100401,晋中,山西省,晋中市,37.6965,112.7365
101100402,榆次,山西省,晋中市,37.6976,112.7401
101100403,榆社,山西省,晋中市,37.0690,112.9735
101100404,左权,山西省,晋中市,37.0797,113.3778
101100405,和顺,山西省,晋中市,37.3270,113.5729
101100406,昔阳,山西省,晋中市,37.6044,113.7062
101100407,寿阳,山西省,晋中市,37.8911,113.1777
101100408,太谷,山西省,晋中市,37.4246,112.5541
101100409,祁县,山西省,晋中市,37.3587,112.3305
101100410,平遥,山西省,晋中市,37.1955,112.1741
101100411,灵石,山西省,晋中市,36.8475,111.7728
101100412,介休,山西省,晋中市,37.0276,111.9139
101100501,长治,山西省,长治市,36.1911,113.1136
101100502,黎城,山西省,长治市,36.5030,113.3874
101100503,屯留,山西省,长治市,36.3141,112.8927
101100504,潞城,山西省,长治市,36.3322,113.2232
101100505,襄垣,山西省,长治市,36.5329,113.0501
101100506,平顺,山西省,长治市,36.2002,113.4388
101100507,武乡,山西省,长治市,36.8343,112.8653
101100508,沁县,山西省,长治市,36.7571,112.7014
101100509,长子,山西省,长治市,36.1195,112.8847
101100510,沁源,山西省,长治市,36.5008,112.3409
101100511,壶关,山西省,长治市,36.1109,113.2061
101100512,潞州,山西省,长治市,36.2184,113.1012
101100513,上党,山西省,长治市,36.0531,113.0514
101100601,晋城,山西省,晋城市,35.4976,112.8513
101100602,沁水,山西省,晋城市,35.6895,112.1872
101100603,阳城,山西省,晋城市,35.4822,112.4220
101100604,陵川,山西省,晋城市,35.7756,113.2789
101100605,高平,山西省,晋城市,35.7914,112.9307
101100606,泽州,山西省,晋城市,35.5071,112.9222
101100607,城区,山西省,晋城市,35.5016,112.8536
101100701,临汾,山西省,临汾市,36.0841,111.5180
101100702,曲沃,山西省,临汾市,35.6414,111.4755
101100703,永和,山西省,临汾市,36.7606,110.6313
101100704,隰县,山西省,临汾市,36.6927,110.9358
101100705,大宁,山西省,临汾市,36.4638,110.7513
101100706,吉县,山西省,临汾市,36.0994,110.6829
101100707,襄汾,山西省,临汾市,35.8761,111.4429
101100708,蒲县,山西省,临汾市,36.4117,111.0973
101100709,汾西,山西省,临汾市,36.6534,111.5630
101100710,洪洞,山西省,临汾市,36.2557,111.6737
101100711,霍州,山西省,临汾市,36.5720,111.7231
101100712,乡宁,山西省,临汾市,35.9754,110.8574
101100713,翼城,山西省,临汾市,35.7386,111.7135
101100714,侯马,山西省,临汾市,35.6203,111.3713
101100715,浮山,山西省,临汾市,35.9714,111.8500
101100716,安泽,山西省,临汾市,36.1460,112.2514
101100717,古县,山西省,临汾市,36.2686,111.9202
101100718,尧都,山西省,临汾市,36.0825,111.5788
101100801,运城,山西省,运城市,35.0228,111.0040
101100802,临猗,山西省,运城市,35.1419,110.7749
101100803,稷山,山西省,运城市,35.6004,110.9790
101100804,万荣,山西省,运城市,35.4170,110.8436
101100805,河津,山西省,运城市,35.5971,110.7103
101100806,新绛,山西省,运城市,35.6137,111.2252
101100807,绛县,山西省,运城市,35.4905,111.5762
101100808,闻喜,山西省,运城市,35.3538,111.2203
101100809,垣曲,山西省,运城市,35.2983,111.6710
101100810,永济,山西省,运城市,34.8651,110.4480
101100811,芮城,山西省,运城市,34.6948,110.6911
101100812,夏县,山西省,运城市,35.1404,111.2232
101100813,平陆,山西省,运城市,34.8373,111.2124
101100814,盐湖,山西省,运城市,35.0256,111.0006
101100901,朔州,山西省,朔州市,39.3313,112.4334
101100902,平鲁,山西省,朔州市,39.5156,112.2952
101100903,山阴,山西省,朔州市,39.5268,112.8164
101100904,右玉,山西省,朔州市,39.9888,112.4656
101100905,应县,山西省,朔州市,39.5592,113.1875
101100906,怀仁,山西省,朔州市,39.8208,113.1005
101100907,朔城,山西省,朔州市,39.3245,112.4287
101101001,忻州,山西省,忻州市,38.4177,112.7335
101101002,定襄,山西省,忻州市,38.4849,112.9632
101101003,五台县,山西省,忻州市,38.7257,113.2590
101101004,河曲,山西省,忻州市,39.3819,111.1466
101101005,偏关,山西省,忻州市,39.4422,111.5005
101101006,神池,山西省,忻州市,39.0885,112.2004
101101007,宁武,山西省,忻州市,39.0017,112.3079
101101008,代县,山西省,忻州市,39.0651,112.9625
101101009,繁峙,山西省,忻州市,39.1881,113.2677
101101011,保德,山西省,忻州市,39.0226,111.0857
101101012,静乐,山西省,忻州市,38.3559,111.9402
101101013,岢岚,山西省,忻州市,38.7056,111.5698
101101014,五寨,山西省,忻州市,38.9128,111.8410
101101015,原平,山西省,忻州市,38.7292,112.7131
101101016,忻府,山西省,忻州市,38.4177,112.7341
101101100,吕梁,山西省,吕梁市,37.5244,111.1343
101101101,离石,山西省,吕梁市,37.5240,111.1345
101101102,临县,山西省,吕梁市,37.9608,110.9960
101101103,兴县,山西省,吕梁市,38.4641,111.1248
101101104,岚县,山西省,吕梁市,38.2787,111.6716
101101105,柳林,山西省,吕梁市,37.4317,110.8961
101101106,石楼,山西省,吕梁市,36.9994,110.8371
101101107,方山,山西省,吕梁市,37.8926,111.2389
101101108,交口,山西省,吕梁市,36.9831,111.1832
101101109,中阳,山西省,吕梁市,37.3421,111.1933
101101110,孝义,山西省,吕梁市,37.1445,111.7816
101101111,汾阳,山西省,吕梁市,37.2677,111.7853
101101112,文水,山西省,吕梁市,37.4363,112.0326
101101113,交城,山西省,吕梁市,37.5552,112.1592
101110101,西安,陕西省,西安市,34.3432,108.9397
101110102,长安,陕西省,西安市,34.1571,108.9416
101110103,临潼,陕西省,西安市,34.3721,109.2140
101110104,蓝田,陕西省,西安市,34.1562,109.3176
101110105,周至,陕西省,西安市,34.1615,108.2165
101110106,鄠邑,陕西省,西安市,34.1087,108.6074
101110107,高陵,陕西省,西安市,34.5351,109.0889
101110108,新城,陕西省,西安市,34.2693,108.9599
101110109,碑林,陕西省,西安市,34.2511,108.9470
101110110,莲湖,陕西省,西安市,34.2656,108.9332
101110111,灞桥,陕西省,西安市,34.2675,109.0673
101110112,未央,陕西省,西安市,34.3082,108.9460
101110113,雁塔,陕西省,西安市,34.2134,108.9266
101110114,阎良,陕西省,西安市,34.6621,109.2280
101110200,咸阳,陕西省,咸阳市,34.3334,108.7051
101110201,三原,陕西省,咸阳市,34.6140,108.9435
101110202,礼泉,陕西省,咸阳市,34.4826,108.4283
101110203,永寿,陕西省,咸阳市,34.6926,108.1431
101110204,淳化,陕西省,咸阳市,34.7980,108.5812
101110205,泾阳,陕西省,咸阳市,34.5285,108.8378
101110206,武功,陕西省,咸阳市,34.2597,108.2129
101110207,乾县,陕西省,咸阳市,34.5273,108.2474
101110208,彬州,陕西省,咸阳市,35.0342,108.0837
101110209,长武,陕西省,咸阳市,35.2061,107.7958
101110210,旬邑,陕西省,咸阳市,35.1122,108.3372
101110211,兴平,陕西省,咸阳市,34.2971,108.4885
101110212,秦都,陕西省,咸阳市,34.3298,108.6986
101110213,渭城,陕西省,咸阳市,34.3368,108.7310
101110300,延安,陕西省,延安市,36.6501,109.4947
101110301,延长,陕西省,延安市,36.5783,110.0130
101110302,延川,陕西省,延安市,36.8821,110.1903
101110303,子长,陕西省,延安市,37.1421,109.6760
101110304,宜川,陕西省,延安市,36.0504,110.1755
101110305,富县,陕西省,延安市,35.9965,109.3841
101110306,志丹,陕西省,延安市,36.8230,108.7689
101110307,安塞,陕西省,延安市,36.8644,109.3253
101110308,甘泉,陕西省,延安市,36.2777,109.3496
101110309,洛川,陕西省,延安市,35.7621,109.4357
101110310,黄陵,陕西省,延安市,35.5802,109.2625
101110311,黄龙,陕西省,延安市,35.5833,109.8350
101110312,吴起,陕西省,延安市,36.9249,108.1770
101110313,宝塔,陕西省,延安市,36.5963,109.4907
101110401,榆林,陕西省,榆林市,38.2902,109.7412
101110402,府谷,陕西省,榆林市,39.0292,111.0696
101110403,神木,陕西省,榆林市,38.8997,110.4669
101110404,佳县,陕西省,榆林市,38.0216,110.4934
101110405,定边,陕西省,榆林市,37.5952,107.6013
101110406,靖边,陕西省,榆林市,37.5961,108.8057
101110407,横山,陕西省,榆林市,37.9640,109.2926
101110408,米脂,陕西省,榆林市,37.7591,110.1787
101110409,子洲,陕西省,榆林市,37.6116,110.0346
101110410,绥德,陕西省,榆林市,37.5077,110.2654
101110411,吴堡,陕西省,榆林市,37.4519,110.7393
101110412,清涧,陕西省,榆林市,37.0877,110.1215
101110413,榆阳,陕西省,榆林市,38.2993,109.7479
101110501,渭南,陕西省,渭南市,34.4994,109.5029
101110503,潼关,陕西省,渭南市,34.5445,110.2473
101110504,大荔,陕西省,渭南市,34.7950,109.9431
101110505,白水,陕西省,渭南市,35.1773,109.5943
101110506,富平,陕西省,渭南市,34.7467,109.1872
101110507,蒲城,陕西省,渭南市,34.9560,109.5897
101110508,澄城,陕西省,渭南市,35.1840,109.9376
101110509,合阳,陕西省,渭南市,35.2371,110.1480
101110510,韩城,陕西省,渭南市,35.4752,110.4524
101110511,华阴,陕西省,渭南市,34.5654,110.0895
101110512,临渭,陕西省,渭南市,34.5013,109.5033
101110513,华州,陕西省,渭南市,34.5120,109.7614
101110601,商洛,陕西省,商洛市,33.8683,109.9398
101110602,洛南,陕西省,商洛市,34.0885,110.1457
101110603,柞水,陕西省,商洛市,33.6828,109.1113
101110604,商州,陕西省,商洛市,33.8692,109.9377
101110605,镇安,陕西省,商洛市,33.4240,109.1511
101110606,丹凤,陕西省,商洛市,33.6947,110.3319
101110607,商南,陕西省,商洛市,33.5264,110.8854
101110608,山阳,陕西省,商洛市,33.5304,109.8804
101110701,安康,陕西省,安康市,32.6903,109.0293
101110702,紫阳,陕西省,安康市,32.5202,108.5378
101110703,石泉,陕西省,安康市,33.0385,108.2505
101110704,汉阴,陕西省,安康市,32.8911,108.5109
101110705,旬阳,陕西省,安康市,32.8336,109.3681
101110706,岚皋,陕西省,安康市,32.3107,108.9007
101110707,平利,陕西省,安康市,32.3879,109.3619
101110708,白河,陕西省,安康市,32.8095,110.1142
101110709,镇坪,陕西省,安康市,31.8834,109.5264
101110710,宁陕,陕西省,安康市,33.3122,108.3137
101110711,汉滨,陕西省,安康市,32.6908,109.0291
101110801,汉中,陕西省,汉中市,33.0777,107.0286
101110802,略阳,陕西省,汉中市,33.3296,106.1539
101110803,勉县,陕西省,汉中市,33.1556,106.6802
101110804,留坝,陕西省,汉中市,33.6133,106.9244
101110805,洋县,陕西省,汉中市,33.2233,107.5500
101110806,城固,陕西省,汉中市,33.1531,107.3299
101110807,西乡,陕西省,汉中市,32.9880,107.7659
101110808,佛坪,陕西省,汉中市,33.5207,107.9886
101110809,宁强,陕西省,汉中市,32.8308,106.2574
101110810,南郑,陕西省,汉中市,33.0033,106.9424
101110811,镇巴,陕西省,汉中市,32.5359,107.8953
101110812,汉台,陕西省,汉中市,33.0777,107.0282
101110901,宝鸡,陕西省,宝鸡市,34.3629,107.2377
101110902,渭滨,陕西省,宝鸡市,34.3551,107.1553
101110903,千阳,陕西省,宝鸡市,34.6426,107.1330
101110904,麟游,陕西省,宝鸡市,34.6777,107.7966
101110905,岐山,陕西省,宝鸡市,34.4430,107.6245
101110906,凤翔,陕西省,宝鸡市,34.5217,107.4006
101110907,扶风,陕西省,宝鸡市,34.3755,107.8914
101110908,眉县,陕西省,宝鸡市,34.2721,107.7524
101110909,太白,陕西省,宝鸡市,34.0592,107.3165
101110910,凤县,陕西省,宝鸡市,33.9125,106.5252
101110911,陇县,陕西省,宝鸡市,34.8933,106.8571
101110912,陈仓,陕西省,宝鸡市,34.3527,107.3836
101110913,金台,陕西省,宝鸡市,34.3971,107.2327
101111001,铜川,陕西省,铜川市,34.9166,108.9796
101111003,宜君,陕西省,铜川市,35.3988,109.1183
101111004,耀州,陕西省,铜川市,34.9102,108.9625
101111005,王益,陕西省,铜川市,35.0691,109.0759
101111006,印台,陕西省,铜川市,35.1119,109.1008
101111102,杨陵,陕西省,咸阳市,34.2714,108.0863
101120101,济南,山东省,济南市,36.6521,117.1201
101120102,长清,山东省,济南市,36.5611,116.7459
101120103,商河,山东省,济南市,37.3105,117.1564
101120104,章丘,山东省,济南市,36.7121,117.5407
101120105,平阴,山东省,济南市,36.2869,116.4551
101120106,济阳,山东省,济南市,36.9768,117.1760
101120107,历下,山东省,济南市,36.6642,117.0386
101120108,市中,山东省,济南市,36.6574,116.9990
101120109,槐荫,山东省,济南市,36.6682,116.9479
101120110,天桥,山东省,济南市,36.6934,116.9961
101120111,历城,山东省,济南市,36.6817,117.0637
101120201,青岛,山东省,青岛市,36.0830,120.3552
101120202,崂山,山东省,青岛市,36.1026,120.4674
101120203,市南,山东省,青岛市,36.0709,120.3960
101120204,即墨,山东省,青岛市,36.3908,120.4474
101120205,胶州,山东省,青岛市,36.2859,120.0062
101120206,黄岛,山东省,青岛市,35.9607,120.1978
101120207,莱西,山东省,青岛市,36.8651,120.5262
101120208,平度,山东省,青岛市,36.7888,119.9590
101120209,市北,山东省,青岛市,36.0838,120.3550
101120210,李沧,山东省,青岛市,36.1600,120.4212
101120211,城阳,山东省,青岛市,36.3068,120.3891
101120301,淄博,山东省,淄博市,36.8149,118.0476
101120302,淄川,山东省,淄博市,36.6473,117.9677
101120303,博山,山东省,淄博市,36.4976,117.8582
101120304,高青,山东省,淄博市,37.1696,117.8298
101120305,周村,山东省,淄博市,36.8037,117.8510
101120306,沂源,山东省,淄博市,36.1863,118.1662
101120307,桓台,山东省,淄博市,36.9598,118.1016
101120308,临淄,山东省,淄博市,36.8167,118.3060
101120309,张店,山东省,淄博市,36.8070,118.0535
101120401,德州,山东省,德州市,37.4540,116.3074
101120402,武城,山东省,德州市,37.2095,116.0786
101120403,临邑,山东省,德州市,37.1920,116.8670
101120405,齐河,山东省,德州市,36.7955,116.7584
101120406,乐陵,山东省,德州市,37.7291,117.2167
101120407,庆云,山东省,德州市,37.7777,117.3905
101120408,平原,山东省,德州市,37.1645,116.4339
101120409,宁津,山东省,德州市,37.6496,116.7937
101120410,夏津,山东省,德州市,36.9505,116.0038
101120411,禹城,山东省,德州市,36.9345,116.6426
101120412,德城,山东省,德州市,37.4539,116.3071
101120413,陵城,山东省,德州市,37.3328,116.5749
101120501,烟台,山东省,烟台市,37.4646,121.4478
101120502,莱州,山东省,烟台市,37.1827,119.9421
101120504,蓬莱,山东省,烟台市,37.7957,120.8291
101120505,龙口,山东省,烟台市,37.6484,120.5283
101120506,招远,山东省,烟台市,37.3649,120.4031
101120507,栖霞,山东省,烟台市,37.3059,120.8341
101120508,福山,山东省,烟台市,37.4969,121.2647
101120509,牟平,山东省,烟台市,37.3884,121.6015
101120510,莱阳,山东省,烟台市,36.9770,120.7112
101120511,海阳,山东省,烟台市,36.6883,121.1735
101120512,芝罘,山东省,烟台市,37.5409,121.3859
101120513,莱山,山东省,烟台市,37.4735,121.4489
101120601,潍坊,山东省,潍坊市,36.7093,119.1071
101120602,青州,山东省,潍坊市,36.6979,118.4847
101120603,寿光,山东省,潍坊市,36.8571,118.7911
101120604,临朐,山东省,潍坊市,36.5164,118.5399
101120605,昌乐,山东省,潍坊市,36.7033,118.8400
101120606,昌邑,山东省,潍坊市,36.8549,119.3945
101120607,安丘,山东省,潍坊市,36.4796,119.2189
101120608,高密,山东省,潍坊市,36.3775,119.7570
101120609,诸城,山东省,潍坊市,35.9971,119.4032
101120610,潍城,山东省,潍坊市,36.7281,119.0249
101120611,寒亭,山东省,潍坊市,36.7721,119.2079
101120612,坊子,山东省,潍坊市,36.6546,119.1663
101120613,奎文,山东省,潍坊市,36.7095,119.1374
101120701,济宁,山东省,济宁市,35.4154,116.5872
101120702,嘉祥,山东省,济宁市,35.3981,116.3429
101120703,微山,山东省,济宁市,34.8095,117.1286
101120704,鱼台,山东省,济宁市,34.9977,116.6500
101120705,兖州,山东省,济宁市,35.5564,116.8290
101120706,金乡,山东省,济宁市,35.0698,116.3104
101120707,汶上,山东省,济宁市,35.7217,116.4871
101120708,泗水,山东省,济宁市,35.6532,117.2736
101120709,梁山,山东省,济宁市,35.7660,116.1318
101120710,曲阜,山东省,济宁市,35.5928,116.9919
101120711,邹城,山东省,济宁市,35.4053,116.9667
101120712,任城,山东省,济宁市,35.4148,116.5953
101120801,泰安,山东省,泰安市,36.1950,117.1291
101120802,新泰,山东省,泰安市,35.9104,117.7661
101120803,泰山,山东省,泰安市,36.1893,117.1300
101120804,肥城,山东省,泰安市,36.1856,116.7637
101120805,东平,山东省,泰安市,35.9305,116.4611
101120806,宁阳,山东省,泰安市,35.7675,116.7993
101120807,岱岳,山东省,泰安市,36.1841,117.0435
101120901,临沂,山东省,临沂市,35.1038,118.3565
101120902,莒南,山东省,临沂市,35.1759,118.8383
101120903,沂南,山东省,临沂市,35.5470,118.4554
101120904,兰陵,山东省,临沂市,34.8556,118.0500
101120905,临沭,山东省,临沂市,34.9171,118.6484
101120906,郯城,山东省,临沂市,34.6147,118.3430
101120907,蒙阴,山东省,临沂市,35.7124,117.9433
101120908,平邑,山东省,临沂市,35.5115,117.6319
101120909,费县,山东省,临沂市,35.2692,117.9689
101120910,沂水,山东省,临沂市,35.7870,118.6345
101120911,兰山,山东省,临沂市,35.0528,118.3473
101120912,罗庄,山东省,临沂市,34.9972,118.2848
101120913,河东,山东省,临沂市,35.0850,118.3983
101121001,菏泽,山东省,菏泽市,35.2465,115.4694
101121002,鄄城,山东省,菏泽市,35.5603,115.5143
101121003,郓城,山东省,菏泽市,35.5948,115.9389
101121004,东明,山东省,菏泽市,35.2896,115.0984
101121005,定陶,山东省,菏泽市,35.0727,115.5696
101121006,巨野,山东省,菏泽市,35.3910,116.0893
101121007,曹县,山东省,菏泽市,34.8233,115.5495
101121008,成武,山东省,菏泽市,34.9474,115.8973
101121009,单县,山东省,菏泽市,34.7909,116.0826
101121010,牡丹,山东省,菏泽市,35.2431,115.4709
101121101,滨州,山东省,滨州市,37.3835,118.0170
101121102,博兴,山东省,滨州市,37.1470,118.1231
101121103,无棣,山东省,滨州市,37.7408,117.6163
101121104,阳信,山东省,滨州市,37.6405,117.5813
101121105,惠民,山东省,滨州市,37.4753,117.5937
101121106,沾化,山东省,滨州市,37.6985,118.1299
101121107,邹平,山东省,滨州市,36.8780,117.7368
101121108,滨城,山东省,滨州市,37.4320,118.0196
101121201,东营,山东省,东营市,37.4340,118.6746
101121202,河口,山东省,东营市,37.8860,118.5296
101121203,垦利,山东省,东营市,37.5887,118.5513
101121204,利津,山东省,东营市,37.4934,118.2489
101121205,广饶,山东省,东营市,37.0516,118.4075
101121206,东营区,山东省,东营市,37.4490,118.5822
101121301,威海,山东省,威海市,37.5097,122.1164
101121302,文登,山东省,威海市,37.1962,122.0571
101121303,荣成,山东省,威海市,37.1657,122.4870
101121304,乳山,山东省,威海市,36.9196,121.5363
101121307,环翠,山东省,威海市,37.5108,122.1162
101121401,枣庄,山东省,枣庄市,34.8109,117.3238
101121402,薛城,山东省,枣庄市,34.7979,117.2653
101121403,峄城,山东省,威海市,34.7677,117.5863
101121404,台儿庄,山东省,威海市,34.5648,117.7348
101121405,滕州,山东省,枣庄市,35.0885,117.1621
101121406,市中,山东省,威海市,34.8567,117.5573
101121407,山亭,山东省,威海市,35.0961,117.4590
101121501,日照,山东省,日照市,35.4169,119.5269
101121502,五莲,山东省,日照市,35.7519,119.2067
101121503,莒县,山东省,日照市,35.5881,118.8329
101121504,东港,山东省,日照市,35.4262,119.4577
101121505,岚山,山东省,日照市,35.1198,119.3158
101121601,莱芜,山东省,济南市,36.2144,117.6777
101121603,钢城,山东省,济南市,36.0580,117.8203
101121701,聊城,山东省,聊城市,36.4560,115.9804
101121702,冠县,山东省,聊城市,36.4838,115.4448
101121703,阳谷,山东省,聊城市,36.1137,115.7843
101121704,高唐,山东省,聊城市,36.8598,116.2297
101121705,茌平,山东省,聊城市,36.5919,116.2533
101121706,东阿,山东省,聊城市,36.3360,116.2489
101121707,临清,山东省,聊城市,36.8426,115.7135
101121708,东昌府,山东省,聊城市,36.4127,116.0064
101121709,莘县,山东省,聊城市,36.2376,115.6673
101130101,乌鲁木齐,新疆维吾尔自治区,乌鲁木齐市,43.7928,87.6177
101130102,天山,新疆维吾尔自治区,乌鲁木齐市,43.7964,87.6201
101130104,沙依巴克,新疆维吾尔自治区,乌鲁木齐市,43.7889,87.5966
101130105,达坂城,新疆维吾尔自治区,乌鲁木齐市,43.3618,88.3099
101130106,新市,新疆维吾尔自治区,乌鲁木齐市,43.8709,87.5607
101130107,水磨沟,新疆维吾尔自治区,乌鲁木齐市,43.8167,87.6131
101130111,头屯河,新疆维吾尔自治区,乌鲁木齐市,43.8761,87.4258
101130112,米东,新疆维吾尔自治区,乌鲁木齐市,43.9610,87.6918
101130113,乌鲁木齐县,新疆维吾尔自治区,乌鲁木齐市,43.5090,87.4643
101130201,克拉玛依,新疆维吾尔自治区,克拉玛依市,45.5959,84.8739
101130202,乌尔禾,新疆维吾尔自治区,克拉玛依市,46.0878,85.6978
101130203,白碱滩,新疆维吾尔自治区,克拉玛依市,45.6890,85.1299
101130204,独山子,新疆维吾尔自治区,克拉玛依市,44.3272,84.8823
101130205,克拉玛依区,新疆维吾尔自治区,克拉玛依市,45.6025,84.8678
101130301,石河子,新疆维吾尔自治区,石河子市,44.3059,86.0411
101130401,昌吉,新疆维吾尔自治区,昌吉回族自治州,44.0146,87.3040
101130402,呼图壁,新疆维吾尔自治区,昌吉回族自治州,44.1893,86.8886
101130404,阜康,新疆维吾尔自治区,昌吉回族自治州,44.1522,87.9838
101130405,吉木萨尔,新疆维吾尔自治区,昌吉回族自治州,43.9972,89.1813
101130406,奇台,新疆维吾尔自治区,昌吉回族自治州,44.0220,89.5914
101130407,玛纳斯,新疆维吾尔自治区,昌吉回族自治州,44.3056,86.2177
101130408,木垒,新疆维吾尔自治区,昌吉回族自治州,43.8324,90.2828
101130410,昌吉市,新疆维吾尔自治区,昌吉回族自治州,44.0130,87.2673
101130501,吐鲁番,新疆维吾尔自治区,吐鲁番市,42.9476,89.1841
101130502,托克逊,新疆维吾尔自治区,吐鲁番市,42.7935,88.6558
101130503,高昌,新疆维吾尔自治区,吐鲁番市,42.9476,89.1823
101130504,鄯善,新疆维吾尔自治区,吐鲁番市,42.8655,90.2127
101130601,库尔勒,新疆维吾尔自治区,巴音郭楞蒙古自治州,41.7631,86.1460
101130602,轮台,新疆维吾尔自治区,巴音郭楞蒙古自治州,41.7813,84.2485
101130603,尉犁,新疆维吾尔自治区,巴音郭楞蒙古自治州,41.3374,86.2634
101130604,若羌,新疆维吾尔自治区,巴音郭楞蒙古自治州,39.0238,88.1688
101130605,且末,新疆维吾尔自治区,巴音郭楞蒙古自治州,38.1386,85.5326
101130606,和静,新疆维吾尔自治区,巴音郭楞蒙古自治州,42.3172,86.3911
101130607,焉耆,新疆维吾尔自治区,巴音郭楞蒙古自治州,42.0644,86.5698
101130608,和硕,新疆维吾尔自治区,巴音郭楞蒙古自治州,42.2689,86.8649
101130609,巴音郭楞,新疆维吾尔自治区,巴音郭楞蒙古自治州,41.7686,86.1510
101130612,博湖,新疆维吾尔自治区,巴音郭楞蒙古自治州,41.9802,86.6316
101130701,阿拉尔,新疆维吾尔自治区,阿拉尔市,40.5419,81.2859
101130801,阿克苏,新疆维吾尔自治区,阿克苏地区,41.1707,80.2651
101130802,乌什,新疆维吾尔自治区,阿克苏地区,41.2159,79.2308
101130803,温宿,新疆维吾尔自治区,阿克苏地区,41.2730,80.2433
101130804,拜城,新疆维吾尔自治区,阿克苏地区,41.7961,81.8699
101130805,新和,新疆维吾尔自治区,阿克苏地区,41.5512,82.6108
101130806,沙雅,新疆维吾尔自治区,阿克苏地区,41.2263,82.7808
101130807,库车,新疆维吾尔自治区,阿克苏地区,41.7171,82.9630
101130808,柯坪,新疆维吾尔自治区,阿克苏地区,40.5062,79.0479
101130809,阿瓦提,新疆维吾尔自治区,阿克苏地区,40.6384,80.3784
101130810,阿克苏市,新疆维吾尔自治区,阿克苏地区,41.1843,80.2907
101130901,喀什地区,新疆维吾尔自治区,喀什地区,39.4677,75.9891
101130902,英吉沙,新疆维吾尔自治区,喀什地区,38.9298,76.1743
101130903,塔什库尔干,新疆维吾尔自治区,喀什地区,37.7754,75.2281
101130904,麦盖提,新疆维吾尔自治区,喀什地区,38.9034,77.6515
101130905,莎车,新疆维吾尔自治区,喀什地区,38.4145,77.2489
101130906,叶城,新疆维吾尔自治区,喀什地区,37.8847,77.4204
101130907,泽普,新疆维吾尔自治区,喀什地区,38.1912,77.2736
101130908,巴楚,新疆维吾尔自治区,喀什地区,39.7835,78.5504
101130909,岳普湖,新疆维吾尔自治区,喀什地区,39.2352,76.7724
101130910,伽师,新疆维吾尔自治区,喀什地区,39.4943,76.7420
101130911,疏附,新疆维吾尔自治区,喀什地区,39.3783,75.8631
101130912,疏勒,新疆维吾尔自治区,喀什地区,39.3995,76.0537
101130913,喀什市,新疆维吾尔自治区,喀什地区,39.4671,75.9942
101131001,伊宁,新疆维吾尔自治区,伊犁哈萨克自治州,43.9222,81.3163
101131002,察布查尔,新疆维吾尔自治区,伊犁哈萨克自治州,43.8389,81.1509
101131003,尼勒克,新疆维吾尔自治区,伊犁哈萨克自治州,43.7897,82.5041
101131004,伊宁县,新疆维吾尔自治区,伊犁哈萨克自治州,43.9779,81.5247
101131005,巩留,新疆维吾尔自治区,伊犁哈萨克自治州,43.4816,82.2270
101131006,新源,新疆维吾尔自治区,伊犁哈萨克自治州,43.4343,83.2585
101131007,昭苏,新疆维吾尔自治区,伊犁哈萨克自治州,43.1578,81.1260
101131008,特克斯,新疆维吾尔自治区,伊犁哈萨克自治州,43.2149,81.8401
101131009,霍城,新疆维吾尔自治区,伊犁哈萨克自治州,44.0499,80.8725
101131010,霍尔果斯,新疆维吾尔自治区,伊犁哈萨克自治州,44.2017,80.4208
101131011,奎屯,新疆维吾尔自治区,伊犁哈萨克自治州,44.4234,84.9016
101131012,伊犁,新疆维吾尔自治区,伊犁哈萨克自治州,43.9219,81.3179
101131101,塔城地区,新疆维吾尔自治区,塔城地区,46.7463,82.9840
101131102,裕民,新疆维吾尔自治区,塔城地区,46.2028,82.9822
101131103,额敏,新疆维吾尔自治区,塔城地区,46.5226,83.6221
101131104,和布克赛尔,新疆维吾尔自治区,塔城地区,46.7930,85.7336
101131105,托里,新疆维吾尔自治区,塔城地区,45.9359,83.6047
101131106,乌苏,新疆维吾尔自治区,塔城地区,44.4301,84.6776
101131107,沙湾,新疆维吾尔自治区,塔城地区,44.3295,85.6225
101131108,塔城市,新疆维吾尔自治区,塔城地区,46.7515,82.9868
101131201,哈密,新疆维吾尔自治区,哈密市,42.8332,93.5132
101131202,伊州,新疆维吾尔自治区,哈密市,42.8339,93.5092
101131203,巴里坤,新疆维吾尔自治区,哈密市,43.5990,93.0218
101131204,伊吾,新疆维吾尔自治区,哈密市,43.2520,94.6928
101131301,和田地区,新疆维吾尔自治区,和田地区,37.1089,79.9275
101131302,皮山,新疆维吾尔自治区,和田地区,37.6163,78.2823
101131303,策勒,新疆维吾尔自治区,和田地区,37.0017,80.8036
101131304,墨玉,新疆维吾尔自治区,和田地区,37.2715,79.7366
101131305,洛浦,新疆维吾尔自治区,和田地区,37.0744,80.1840
101131306,民丰,新疆维吾尔自治区,和田地区,37.0649,82.6924
101131307,于田,新疆维吾尔自治区,和田地区,36.8546,81.6678
101131308,和田市,新疆维吾尔自治区,和田地区,37.1110,79.9128
101131309,和田县,新疆维吾尔自治区,和田地区,37.1200,79.8191
101131401,阿勒泰地区,新疆维吾尔自治区,阿勒泰地区,47.8489,88.1387
101131402,哈巴河,新疆维吾尔自治区,阿勒泰地区,48.0593,86.4190
101131405,吉木乃,新疆维吾尔自治区,阿勒泰地区,47.4346,85.8761
101131406,布尔津,新疆维吾尔自治区,阿勒泰地区,47.7045,86.8619
101131407,福海,新疆维吾尔自治区,阿勒泰地区,47.1131,87.4946
101131408,富蕴,新疆维吾尔自治区,阿勒泰地区,46.9931,89.5250
101131409,青河,新疆维吾尔自治区,阿勒泰地区,46.6724,90.3816
101131410,阿勒泰市,新疆维吾尔自治区,阿勒泰地区,47.8273,88.1318
101131501,阿图什,新疆维吾尔自治区,克孜勒苏柯尔克孜自治州,39.7129,76.1739
101131502,乌恰,新疆维吾尔自治区,克孜勒苏柯尔克孜自治州,39.7166,75.2597
101131503,阿克陶,新疆维吾尔自治区,克孜勒苏柯尔克孜自治州,39.1471,75.9452
101131504,阿合奇,新疆维吾尔自治区,克孜勒苏柯尔克孜自治州,40.9376,78.4502
101131505,克州,新疆维吾尔自治区,克孜勒苏柯尔克孜自治州,39.7140,76.1768
101131601,博乐,新疆维吾尔自治区,博尔塔拉蒙古自治州,44.8539,82.0514
101131602,温泉,新疆维吾尔自治区,博尔塔拉蒙古自治州,44.9738,81.0310
101131603,精河,新疆维吾尔自治区,博尔塔拉蒙古自治州,44.6056,82.8929
101131604,博尔塔拉,新疆维吾尔自治区,博尔塔拉蒙古自治州,44.9033,82.0748
101131606,阿拉山口,新疆维吾尔自治区,博尔塔拉蒙古自治州,45.1678,82.5694
101131701,图木舒克,新疆维吾尔自治区,图木舒克市,39.8673,79.0780
101131801,五家渠,新疆维吾尔自治区,五家渠市,44.1674,87.5269
101131901,铁门关,新疆维吾尔自治区,铁门关市,41.8630,85.6703
101131920,昆玉,新疆维吾尔自治区,昆玉市,37.2154,79.2702
101132101,北屯,新疆维吾尔自治区,北屯市,47.3532,87.8249
101132201,双河,新疆维吾尔自治区,双河市,44.8405,82.3537
101132301,可克达拉,新疆维吾尔自治区,可克达拉市,43.9404,80.9942
101132401,胡杨河,新疆维吾尔自治区,胡杨河市,44.6926,84.8275
101132501,新星市,新疆维吾尔自治区,新星市,42.7966,93.7485
101132601,白杨市,新疆维吾尔自治区,白杨市,46.7266,82.8947
101140101,拉萨,西藏自治区,拉萨市,29.6604,91.1322
101140102,当雄,西藏自治区,拉萨市,30.4748,91.1036
101140103,尼木,西藏自治区,拉萨市,29.4313,90.1655
101140104,林周,西藏自治区,拉萨市,29.8958,91.2618
101140105,堆龙德庆,西藏自治区,拉萨市,29.6473,91.0028
101140106,曲水,西藏自治区,拉萨市,29.3499,90.7381
101140107,达孜,西藏自治区,拉萨市,29.6703,91.3510
101140108,墨竹工卡,西藏自治区,拉萨市,29.8347,91.7312
101140109,城关,西藏自治区,拉萨市,29.6595,91.1329
101140201,日喀则,西藏自治区,日喀则市,29.2675,88.8851
101140202,拉孜,西藏自治区,日喀则市,29.0851,87.6374
101140203,南木林,西藏自治区,日喀则市,29.6805,89.0994
101140204,聂拉木,西藏自治区,日喀则市,28.1560,85.9820
101140205,定日,西藏自治区,日喀则市,28.6567,87.1239
101140206,江孜,西藏自治区,日喀则市,28.9088,89.6050
101140208,仲巴,西藏自治区,日喀则市,29.7683,84.0328
101140209,萨嘎,西藏自治区,日喀则市,29.3282,85.2346
101140210,吉隆,西藏自治区,日喀则市,28.8524,85.2983
101140211,昂仁,西藏自治区,日喀则市,29.2948,87.2358
101140212,定结,西藏自治区,日喀则市,28.3641,87.7677
101140213,萨迦,西藏自治区,日喀则市,28.9011,88.0230
101140214,谢通门,西藏自治区,日喀则市,29.4316,88.2605
101140215,桑珠孜,西藏自治区,日喀则市,29.2670,88.8867
101140216,岗巴,西藏自治区,日喀则市,28.2744,88.5189
101140217,白朗,西藏自治区,日喀则市,29.1066,89.2636
101140218,亚东,西藏自治区,日喀则市,27.4828,88.9068
101140219,康马,西藏自治区,日喀则市,28.5547,89.6834
101140220,仁布,西藏自治区,日喀则市,29.2303,89.8432
101140301,山南,西藏自治区,山南市,29.2360,91.7665
101140302,贡嘎,西藏自治区,山南市,29.2891,90.9853
101140303,扎囊,西藏自治区,山南市,29.2465,91.3380
101140304,加查,西藏自治区,山南市,29.1409,92.5910
101140305,浪卡子,西藏自治区,山南市,28.9684,90.3988
101140306,错那,西藏自治区,山南市,27.9917,91.9601
101140307,隆子,西藏自治区,山南市,28.4085,92.4633
101140309,乃东,西藏自治区,山南市,29.2361,91.7653
101140310,桑日,西藏自治区,山南市,29.2598,92.0157
101140311,洛扎,西藏自治区,山南市,28.3858,90.8582
101140312,措美,西藏自治区,山南市,28.4374,91.4324
101140313,琼结,西藏自治区,山南市,29.0252,91.6838
101140314,曲松,西藏自治区,山南市,29.0637,92.2011
101140401,林芝,西藏自治区,林芝市,29.6547,94.3624
101140402,波密,西藏自治区,林芝市,29.8588,95.7682
101140403,米林,西藏自治区,林芝市,29.2138,94.2137
101140404,察隅,西藏自治区,林芝市,28.6602,97.4650
101140405,工布江达,西藏自治区,林芝市,29.8845,93.2465
101140406,朗县,西藏自治区,林芝市,29.0446,93.0734
101140407,墨脱,西藏自治区,林芝市,29.3257,95.3322
101140408,巴宜,西藏自治区,林芝市,29.6537,94.3610
101140501,昌都,西藏自治区,昌都市,31.1369,97.1785
101140502,丁青,西藏自治区,昌都市,31.4107,95.5977
101140503,边坝,西藏自治区,昌都市,30.9338,94.7075
101140504,洛隆,西藏自治区,昌都市,30.7419,95.8234
101140505,左贡,西藏自治区,昌都市,29.6713,97.8405
101140506,芒康,西藏自治区,昌都市,29.6866,98.5964
101140507,类乌齐,西藏自治区,昌都市,31.2130,96.6013
101140508,八宿,西藏自治区,昌都市,30.0534,96.9179
101140509,江达,西藏自治区,昌都市,31.4995,98.2184
101140510,察雅,西藏自治区,昌都市,30.6530,97.5657
101140511,贡觉,西藏自治区,昌都市,30.8592,98.2712
101140512,卡若,西藏自治区,昌都市,31.1370,97.1783
101140601,那曲,西藏自治区,那曲市,31.4760,92.0602
101140602,尼玛,西藏自治区,那曲市,31.7850,87.2366
101140603,嘉黎,西藏自治区,那曲市,30.6408,93.2329
101140604,班戈,西藏自治区,那曲市,31.3946,90.0118
101140605,安多,西藏自治区,那曲市,32.2603,91.6819
101140606,索县,西藏自治区,那曲市,31.8862,93.7850
101140607,聂荣,西藏自治区,那曲市,32.1079,92.3037
101140608,巴青,西藏自治区,那曲市,31.9187,94.0540
101140609,比如,西藏自治区,那曲市,31.4799,93.6804
101140610,双湖,西藏自治区,那曲市,33.1884,88.8380
101140611,申扎,西藏自治区,那曲市,30.9291,88.7098
101140612,色尼,西藏自治区,那曲市,31.4696,92.0535
101140701,阿里地区,西藏自治区,阿里地区,32.5032,80.1055
101140702,改则,西藏自治区,阿里地区,32.3021,84.0624
101140705,普兰,西藏自治区,阿里地区,30.2919,81.1776
101140706,札达,西藏自治区,阿里地区,31.4786,79.8032
101140707,噶尔,西藏自治区,阿里地区,32.5034,80.1050
101140708,日土,西藏自治区,阿里地区,33.3825,79.7319
101140709,革吉,西藏自治区,阿里地区,32.3892,81.1429
101140710,措勤,西藏自治区,阿里地区,31.0168,85.1593
101150101,西宁,青海省,西宁市,36.6232,101.7789
101150102,大通,青海省,西宁市,36.9313,101.6842
101150103,湟源,青海省,西宁市,36.6848,101.2634
101150104,湟中,青海省,西宁市,36.5004,101.5695
101150105,城东,青海省,西宁市,36.6160,101.7961
101150106,城中,青海省,西宁市,36.6212,101.7846
101150107,城西,青海省,西宁市,36.6283,101.7636
101150108,城北,青海省,西宁市,36.6484,101.7613
101150201,平安,青海省,海东市,36.5027,102.1043
101150202,乐都,青海省,海东市,36.4803,102.4024
101150203,民和,青海省,海东市,36.3295,102.8042
101150204,互助,青海省,海东市,36.8399,101.9567
101150205,化隆,青海省,海东市,36.0983,102.2623
101150206,循化,青海省,海东市,35.8472,102.4865
101150207,海东,青海省,海东市,36.4735,102.4106
101150301,同仁,青海省,黄南藏族自治州,35.5163,102.0176
101150302,尖扎,青海省,黄南藏族自治州,35.9382,102.0320
101150303,泽库,青海省,黄南藏族自治州,35.0368,101.4693
101150304,河南,青海省,黄南藏族自治州,34.7345,101.6119
101150305,黄南,青海省,黄南藏族自治州,35.5177,102.0200
101150401,共和,青海省,海南藏族自治州,36.2803,100.6196
101150402,海南,青海省,海南藏族自治州,36.2804,100.6195
101150404,贵德,青海省,海南藏族自治州,36.0405,101.4319
101150406,兴海,青海省,海南藏族自治州,35.5891,99.9870
101150407,贵南,青海省,海南藏族自治州,35.5871,100.7479
101150408,同德,青海省,海南藏族自治州,35.2545,100.5795
101150501,玛沁,青海省,果洛藏族自治州,34.4734,100.2435
101150502,班玛,青海省,果洛藏族自治州,32.9316,100.7380
101150503,甘德,青海省,果洛藏族自治州,33.9670,99.9026
101150504,达日,青海省,果洛藏族自治州,33.7533,99.6517
101150505,久治,青海省,果洛藏族自治州,33.4302,101.4849
101150506,玛多,青海省,果洛藏族自治州,34.9153,98.2113
101150507,果洛,青海省,果洛藏族自治州,34.4736,100.2421
101150601,玉树州,青海省,玉树藏族自治州,33.0041,97.0085
101150602,称多,青海省,玉树藏族自治州,33.3679,97.1109
101150603,治多,青海省,玉树藏族自治州,33.8523,95.6168
101150604,杂多,青海省,玉树藏族自治州,32.8919,95.2934
101150605,囊谦,青海省,玉树藏族自治州,32.2032,96.4798
101150606,曲麻莱,青海省,玉树藏族自治州,34.1265,95.8007
101150607,玉树市,青海省,玉树藏族自治州,32.9929,97.0092
101150701,德令哈,青海省,海西蒙古族藏族自治州,37.3746,97.3701
101150702,海西,青海省,海西蒙古族藏族自治州,37.3481,97.3320
101150708,天峻,青海省,海西蒙古族藏族自治州,37.2991,99.0208
101150709,乌兰,青海省,海西蒙古族藏族自治州,36.9304,98.4799
101150712,茫崖,青海省,海西蒙古族藏族自治州,38.2475,90.8564
101150713,大柴旦,青海省,海西蒙古族藏族自治州,37.8665,95.2652
101150714,格尔木,青海省,海西蒙古族藏族自治州,36.4015,94.9058
101150715,都兰,青海省,海西蒙古族藏族自治州,36.2986,98.0892
101150801,海晏,青海省,海北藏族自治州,36.8967,100.9945
101150802,门源,青海省,海北藏族自治州,37.3766,101.6185
101150803,祁连,青海省,海北藏族自治州,38.1754,100.2498
101150804,海北,青海省,海北藏族自治州,36.9594,100.9011
101150806,刚察,青海省,海北藏族自治州,37.3263,100.1384
101160101,兰州,甘肃省,兰州市,36.0580,103.8236
101160102,皋兰,甘肃省,兰州市,36.3313,103.9493
101160103,永登,甘肃省,兰州市,36.7344,103.2622
101160104,榆中,甘肃省,兰州市,35.8444,104.1150
101160105,城关,甘肃省,兰州市,36.0491,103.8410
101160106,七里河,甘肃省,兰州市,36.0667,103.7843
101160107,西固,甘肃省,兰州市,36.1004,103.6223
101160108,安宁,甘肃省,兰州市,36.1033,103.7240
101160109,红古,甘肃省,兰州市,36.3442,102.8618
101160201,定西,甘肃省,定西市,35.5796,104.6263
101160202,通渭,甘肃省,定西市,35.2089,105.2501
101160203,陇西,甘肃省,定西市,35.0034,104.6376
101160204,渭源,甘肃省,定西市,35.1330,104.2117
101160205,临洮,甘肃省,定西市,35.3762,103.8622
101160206,漳县,甘肃省,定西市,34.8486,104.4668
101160207,岷县,甘肃省,定西市,34.4391,104.0399
101160208,安定,甘肃省,定西市,35.5798,104.6258
101160301,平凉,甘肃省,平凉市,35.5428,106.6847
101160302,泾川,甘肃省,平凉市,35.3353,107.3652
101160303,灵台,甘肃省,平凉市,35.0640,107.6206
101160304,崇信,甘肃省,平凉市,35.3045,107.0313
101160305,华亭,甘肃省,平凉市,35.2153,106.6493
101160306,庄浪,甘肃省,平凉市,35.2034,106.0420
101160307,静宁,甘肃省,平凉市,35.5252,105.7335
101160308,崆峒,甘肃省,平凉市,35.5417,106.6842
101160401,庆阳,甘肃省,庆阳市,35.7342,107.6384
101160402,西峰,甘肃省,庆阳市,35.7337,107.6388
101160403,环县,甘肃省,庆阳市,36.5693,107.3088
101160404,华池,甘肃省,庆阳市,36.4573,107.9863
101160405,合水,甘肃省,庆阳市,35.8190,108.0199
101160406,正宁,甘肃省,庆阳市,35.4906,108.3611
101160407,宁县,甘肃省,庆阳市,35.5020,107.9212
101160408,镇原,甘肃省,庆阳市,35.6778,107.1957
101160409,庆城,甘肃省,庆阳市,36.0135,107.8857
101160501,武威,甘肃省,武威市,37.9300,102.6347
101160502,民勤,甘肃省,武威市,38.6246,103.0907
101160503,古浪,甘肃省,武威市,37.4706,102.8980
101160504,凉州,甘肃省,武威市,37.9302,102.6345
101160505,天祝,甘肃省,武威市,36.9717,103.1420
101160601,金昌,甘肃省,金昌市,38.5142,102.1879
101160602,永昌,甘肃省,金昌市,38.2474,101.9720
101160603,金川,甘肃省,金昌市,38.5138,102.1877
101160701,张掖,甘肃省,张掖市,38.9329,100.4555
101160702,肃南,甘肃省,张掖市,38.8373,99.6171
101160703,民乐,甘肃省,张掖市,38.4345,100.8166
101160704,临泽,甘肃省,张掖市,39.1521,100.1663
101160705,高台,甘肃省,张掖市,39.3763,99.8167
101160706,山丹,甘肃省,张掖市,38.7848,101.0884
101160707,甘州,甘肃省,张掖市,38.9318,100.4549
101160801,酒泉,甘肃省,酒泉市,39.7440,98.5108
101160802,肃州,甘肃省,酒泉市,39.7439,98.5112
101160803,金塔,甘肃省,酒泉市,39.9830,98.9030
101160804,阿克塞,甘肃省,酒泉市,39.6316,94.3376
101160805,瓜州,甘肃省,酒泉市,40.5165,95.7806
101160806,肃北,甘肃省,酒泉市,39.5122,94.8773
101160807,玉门,甘肃省,酒泉市,40.2868,97.0372
101160808,敦煌,甘肃省,酒泉市,40.1411,94.6643
101160901,天水,甘肃省,天水市,34.5785,105.7250
101160902,秦州,甘肃省,天水市,34.5786,105.7245
101160903,清水,甘肃省,天水市,34.7529,106.1399
101160904,秦安,甘肃省,天水市,34.8624,105.6733
101160905,甘谷,甘肃省,天水市,34.7473,105.3323
101160906,武山,甘肃省,天水市,34.7220,104.8917
101160907,张家川,甘肃省,天水市,34.9932,106.2124
101160908,麦积,甘肃省,天水市,34.5635,105.8976
101161001,武都,甘肃省,陇南市,33.3882,104.9299
101161002,成县,甘肃省,陇南市,33.7399,105.7344
101161003,文县,甘肃省,陇南市,32.9422,104.6824
101161004,宕昌,甘肃省,陇南市,34.0427,104.3945
101161005,康县,甘肃省,陇南市,33.3283,105.6095
101161006,西和,甘肃省,陇南市,34.0137,105.2997
101161007,礼县,甘肃省,陇南市,34.1894,105.1816
101161008,徽县,甘肃省,陇南市,33.7678,106.0856
101161009,两当,甘肃省,陇南市,33.9107,106.3070
101161010,陇南,甘肃省,陇南市,33.3886,104.9294
101161101,临夏,甘肃省,临夏回族自治州,35.5994,103.2116
101161102,康乐,甘肃省,临夏回族自治州,35.3719,103.7099
101161103,永靖,甘肃省,临夏回族自治州,35.9389,103.3199
101161104,广河,甘肃省,临夏回族自治州,35.4817,103.5762
101161105,和政,甘肃省,临夏回族自治州,35.4260,103.3504
101161106,东乡,甘肃省,临夏回族自治州,35.6638,103.3896
101161107,积石山,甘肃省,临夏回族自治州,35.7129,102.8775
101161108,临夏市,甘肃省,临夏回族自治州,35.6047,103.2422
101161109,临夏县,甘肃省,临夏回族自治州,35.4789,103.0351
101161201,合作,甘肃省,甘南藏族自治州,34.9860,102.9115
101161202,临潭,甘肃省,甘南藏族自治州,34.6916,103.3531
101161203,卓尼,甘肃省,甘南藏族自治州,34.5882,103.5085
101161204,舟曲,甘肃省,甘南藏族自治州,33.7937,104.2515
101161205,迭部,甘肃省,甘南藏族自治州,34.0553,103.2210
101161206,玛曲,甘肃省,甘南藏族自治州,33.9981,102.0758
101161207,碌曲,甘肃省,甘南藏族自治州,34.5896,102.4885
101161208,夏河,甘肃省,甘南藏族自治州,35.2009,102.5207
101161209,甘南,甘肃省,甘南藏族自治州,34.9864,102.9110
101161301,白银,甘肃省,白银市,36.5457,104.1736
101161302,靖远,甘肃省,白银市,36.5614,104.6870
101161303,会宁,甘肃省,白银市,35.6925,105.0543
101161304,平川,甘肃省,白银市,36.7292,104.8192
101161305,景泰,甘肃省,白银市,37.1935,104.0664
101161306,白银区,甘肃省,白银市,36.5354,104.1486
101161401,嘉峪关,甘肃省,嘉峪关市,39.7865,98.2773
101170101,银川,宁夏回族自治区,银川市,38.4664,106.2782
101170102,永宁,宁夏回族自治区,银川市,38.2804,106.2538
101170103,灵武,宁夏回族自治区,银川市,38.0941,106.3347
101170104,贺兰,宁夏回族自治区,银川市,38.5546,106.3459
101170105,兴庆,宁夏回族自治区,银川市,38.4675,106.2784
101170106,西夏,宁夏回族自治区,银川市,38.4924,106.1321
101170107,金凤,宁夏回族自治区,银川市,38.4774,106.2285
101170201,石嘴山,宁夏回族自治区,石嘴山市,39.0133,106.3762
101170202,惠农,宁夏回族自治区,石嘴山市,39.2301,106.7755
101170203,平罗,宁夏回族自治区,石嘴山市,38.9067,106.5449
101170205,大武口,宁夏回族自治区,石嘴山市,39.0142,106.3766
101170301,吴忠,宁夏回族自治区,吴忠市,37.9862,106.1994
101170302,同心,宁夏回族自治区,吴忠市,36.9829,105.9148
101170303,盐池,宁夏回族自治区,吴忠市,37.7842,107.4054
101170304,利通,宁夏回族自治区,吴忠市,37.9860,106.1994
101170305,红寺堡,宁夏回族自治区,吴忠市,37.4216,106.0673
101170306,青铜峡,宁夏回族自治区,吴忠市,38.0215,106.0754
101170401,固原,宁夏回族自治区,固原市,36.0046,106.2852
101170402,西吉,宁夏回族自治区,固原市,35.9654,105.7318
101170403,隆德,宁夏回族自治区,固原市,35.6182,106.1234
101170404,泾源,宁夏回族自治区,固原市,35.4934,106.3387
101170405,原州,宁夏回族自治区,固原市,36.0053,106.2848
101170406,彭阳,宁夏回族自治区,固原市,35.8500,106.6415
101170501,中卫,宁夏回族自治区,中卫市,37.5150,105.1896
101170502,中宁,宁夏回族自治区,中卫市,37.4897,105.6758
101170503,沙坡头,宁夏回族自治区,中卫市,37.5146,105.1905
101170504,海原,宁夏回族自治区,中卫市,36.5620,105.6473
101180101,郑州,河南省,郑州市,34.7580,113.6654
101180102,巩义,河南省,郑州市,34.7522,112.9828
101180103,荥阳,河南省,郑州市,34.7891,113.3915
101180104,登封,河南省,郑州市,34.4599,113.0378
101180105,新密,河南省,郑州市,34.5378,113.3806
101180106,新郑,河南省,郑州市,34.3942,113.7397
101180107,中牟,河南省,郑州市,34.7220,114.0225
101180108,上街,河南省,郑州市,34.8087,113.2983
101180109,中原,河南省,郑州市,34.7483,113.6116
101180110,二七,河南省,郑州市,34.7309,113.6454
101180111,管城,河南省,郑州市,34.7465,113.6853
101180112,金水,河南省,郑州市,34.7758,113.6860
101180113,惠济,河南省,郑州市,34.8286,113.6184
101180201,安阳,河南省,安阳市,36.1034,114.3525
101180202,汤阴,河南省,安阳市,35.9223,114.3624
101180203,滑县,河南省,安阳市,35.5746,114.5240
101180204,内黄,河南省,安阳市,35.9537,114.9046
101180205,林州,河南省,安阳市,36.0634,113.8238
101180206,文峰,河南省,安阳市,36.0981,114.3526
101180207,北关,河南省,安阳市,36.1098,114.3526
101180208,殷都,河南省,安阳市,36.1090,114.3001
101180209,龙安,河南省,安阳市,36.0769,114.3010
101180210,安阳县,河南省,安阳市,36.0921,114.4630
101180301,新乡,河南省,新乡市,35.3036,113.9268
101180302,获嘉,河南省,新乡市,35.2617,113.6572
101180303,原阳,河南省,新乡市,35.0540,113.9660
101180304,辉县,河南省,新乡市,35.4613,113.8025
101180305,卫辉,河南省,新乡市,35.4043,114.0659
101180306,延津,河南省,新乡市,35.1495,114.2010
101180307,封丘,河南省,新乡市,35.0406,114.4234
101180308,长垣,河南省,新乡市,35.1962,114.6738
101180309,红旗,河南省,新乡市,35.3027,113.8782
101180310,卫滨,河南省,新乡市,35.3049,113.8661
101180311,凤泉,河南省,新乡市,35.3799,113.9067
101180312,牧野,河南省,新乡市,35.3130,113.8972
101180313,新乡县,河南省,新乡市,35.1908,113.8052
101180401,许昌,河南省,许昌市,34.0230,113.8261
101180402,鄢陵,河南省,许昌市,34.1005,114.1885
101180403,襄城,河南省,许昌市,33.8559,113.4932
101180404,长葛,河南省,许昌市,34.2193,113.7689
101180405,禹州,河南省,许昌市,34.1544,113.4713
101180406,魏都,河南省,许昌市,34.0271,113.8283
101180407,建安,河南省,许昌市,34.1247,113.8230
101180501,平顶山,河南省,平顶山市,33.7666,113.1926
101180502,郏县,河南省,平顶山市,33.9720,113.2205
101180503,宝丰,河南省,平顶山市,33.8664,113.0668
101180504,汝州,河南省,平顶山市,34.1674,112.8453
101180505,叶县,河南省,平顶山市,33.6213,113.3583
101180506,舞钢,河南省,平顶山市,33.3021,113.5263
101180507,鲁山,河南省,平顶山市,33.7403,112.9067
101180508,石龙,河南省,平顶山市,33.9015,112.8899
101180509,新华,河南省,平顶山市,33.7376,113.2991
101180510,卫东,河南省,平顶山市,33.7393,113.3103
101180511,湛河,河南省,平顶山市,33.7257,113.3209
101180601,信阳,河南省,信阳市,32.1233,114.0750
101180602,息县,河南省,信阳市,32.3447,114.7407
101180603,罗山,河南省,信阳市,32.2032,114.5334
101180604,光山,河南省,信阳市,32.0104,114.9036
101180605,新县,河南省,信阳市,31.6352,114.8771
101180606,淮滨,河南省,信阳市,32.4526,115.4155
101180607,潢川,河南省,信阳市,32.1340,115.0501
101180608,固始,河南省,信阳市,32.1831,115.6673
101180609,商城,河南省,信阳市,31.8000,115.4063
101180610,浉河,河南省,信阳市,32.1168,114.0587
101180611,平桥,河南省,信阳市,32.0984,114.1260
101180701,南阳,河南省,南阳市,32.9991,112.5409
101180702,南召,河南省,南阳市,33.4886,112.4356
101180703,方城,河南省,南阳市,33.2551,113.0109
101180704,社旗,河南省,南阳市,33.0561,112.9383
101180705,西峡,河南省,南阳市,33.3030,111.4858
101180706,内乡,河南省,南阳市,33.0464,111.8438
101180707,镇平,河南省,南阳市,33.0367,112.2327
101180708,淅川,河南省,南阳市,33.1361,111.4890
101180709,新野,河南省,南阳市,32.5240,112.3656
101180710,唐河,河南省,南阳市,32.6879,112.8385
101180711,邓州,河南省,南阳市,32.6816,112.0927
101180712,桐柏,河南省,南阳市,32.3672,113.4061
101180713,宛城,河南省,南阳市,32.9949,112.5446
101180714,卧龙,河南省,南阳市,32.9899,112.5288
101180801,开封,河南省,开封市,34.7971,114.3414
101180802,杞县,河南省,开封市,34.5546,114.7705
101180803,尉氏,河南省,开封市,34.4123,114.1939
101180804,通许,河南省,开封市,34.4773,114.4677
101180805,兰考,河南省,开封市,34.8299,114.8206
101180806,龙亭,河南省,开封市,34.7998,114.3533
101180807,顺河,河南省,开封市,34.8005,114.3649
101180808,鼓楼,河南省,开封市,34.7924,114.3485
101180809,禹王台,河南省,开封市,34.7797,114.3502
101180810,祥符,河南省,开封市,34.7565,114.4376
101180901,洛阳,河南省,洛阳市,34.6197,112.4539
101180902,新安,河南省,洛阳市,34.7287,112.1414
101180904,宜阳,河南省,洛阳市,34.5165,112.1800
101180905,洛宁,河南省,洛阳市,34.3872,111.6554
101180906,伊川,河南省,洛阳市,34.4234,112.4294
101180907,嵩县,河南省,洛阳市,34.1316,112.0878
101180908,偃师,河南省,洛阳市,34.7230,112.7877
101180909,栾川,河南省,洛阳市,33.7832,111.6184
101180910,汝阳,河南省,洛阳市,34.1532,112.4738
101180911,孟津,河南省,洛阳市,34.8256,112.4453
101180912,老城,河南省,洛阳市,34.6829,112.4773
101180913,西工,河南省,洛阳市,34.6678,112.4432
101180914,瀍河,河南省,洛阳市,34.6847,112.4916
101180915,涧西,河南省,洛阳市,34.6543,112.3992
101180916,洛龙,河南省,洛阳市,34.6186,112.4566
101181001,商丘,河南省,商丘市,34.4371,115.6505
101181002,梁园,河南省,商丘市,34.4366,115.6546
101181003,睢县,河南省,商丘市,34.4284,115.0701
101181004,民权,河南省,商丘市,34.6485,115.1481
101181005,虞城,河南省,商丘市,34.3996,115.8638
101181006,柘城,河南省,商丘市,34.0753,115.3074
101181007,宁陵,河南省,商丘市,34.4493,115.3201
101181008,夏邑,河南省,商丘市,34.2409,116.1399
101181009,永城,河南省,商丘市,33.9313,116.4497
101181010,睢阳,河南省,商丘市,34.3905,115.6538
101181101,焦作,河南省,焦作市,35.2390,113.2383
101181102,修武,河南省,焦作市,35.2299,113.4475
101181103,武陟,河南省,焦作市,35.0989,113.4083
101181104,沁阳,河南省,焦作市,35.0890,112.9345
101181105,解放,河南省,焦作市,35.2414,113.2261
101181106,博爱,河南省,焦作市,35.1703,113.0693
101181107,温县,河南省,焦作市,34.9412,113.0791
101181108,孟州,河南省,焦作市,34.9096,112.7871
101181109,中站,河南省,焦作市,35.2361,113.1755
101181110,马村,河南省,焦作市,35.2655,113.3217
101181111,山阳,河南省,焦作市,35.2148,113.2677
101181201,鹤壁,河南省,鹤壁市,35.7482,114.2954
101181202,浚县,河南省,鹤壁市,35.6713,114.5502
101181203,淇县,河南省,鹤壁市,35.6095,114.2004
101181204,鹤山,河南省,鹤壁市,35.9361,114.1666
101181205,山城,河南省,鹤壁市,35.8961,114.1842
101181206,淇滨,河南省,鹤壁市,35.7484,114.2939
101181301,濮阳,河南省,濮阳市,35.7682,115.0413
101181302,台前,河南省,濮阳市,35.9965,115.8557
101181303,南乐,河南省,濮阳市,36.0752,115.2043
101181304,清丰,河南省,濮阳市,35.9024,115.1073
101181305,范县,河南省,濮阳市,35.8520,115.5042
101181306,华龙,河南省,濮阳市,35.7605,115.0318
101181307,濮阳县,河南省,濮阳市,35.7122,115.0291
101181401,周口,河南省,周口市,33.6347,114.7012
101181402,扶沟,河南省,周口市,34.0541,114.3920
101181403,太康,河南省,周口市,34.0653,114.8538
101181404,淮阳,河南省,周口市,33.7325,114.8702
101181405,西华,河南省,周口市,33.7844,114.5301
101181406,商水,河南省,周口市,33.5438,114.6093
101181407,项城,河南省,周口市,33.4431,114.8995
101181408,郸城,河南省,周口市,33.6439,115.1890
101181409,鹿邑,河南省,周口市,33.8611,115.4864
101181410,沈丘,河南省,周口市,33.3955,115.0784
101181411,川汇,河南省,周口市,33.6148,114.6521
101181501,漯河,河南省,漯河市,33.5759,114.0264
101181502,临颍,河南省,漯河市,33.8061,113.9389
101181503,舞阳,河南省,漯河市,33.4363,113.6106
101181504,源汇,河南省,漯河市,33.5654,114.0179
101181505,郾城,河南省,漯河市,33.5889,114.0168
101181506,召陵,河南省,漯河市,33.5676,114.0517
101181601,驻马店,河南省,驻马店市,32.9802,114.0247
101181602,西平,河南省,驻马店市,33.3823,114.0269
101181603,遂平,河南省,驻马店市,33.1470,114.0037
101181604,上蔡,河南省,驻马店市,33.2647,114.2669
101181605,汝南,河南省,驻马店市,33.0045,114.3595
101181606,泌阳,河南省,驻马店市,32.7251,113.3261
101181607,平舆,河南省,驻马店市,32.9556,114.6371
101181608,新蔡,河南省,驻马店市,32.7499,114.9752
101181609,确山,河南省,驻马店市,32.8015,114.0267
101181610,正阳,河南省,驻马店市,32.6018,114.3895
101181611,驿城,河南省,驻马店市,32.9776,114.0292
101181701,三门峡,河南省,三门峡市,34.7773,111.1941
101181702,灵宝,河南省,三门峡市,34.5213,110.8858
101181703,渑池,河南省,三门峡市,34.7635,111.7630
101181704,卢氏,河南省,三门峡市,34.0540,111.0527
101181705,义马,河南省,三门峡市,34.7469,111.8694
101181707,湖滨,河南省,三门峡市,34.7781,111.1949
101181708,陕州,河南省,三门峡市,34.7202,111.1039
101181801,济源,河南省,济源市,35.0904,112.5901
101190101,南京,江苏省,南京市,32.0415,118.7674
101190102,溧水,江苏省,南京市,31.6531,119.0287
101190103,高淳,江苏省,南京市,31.3271,118.8759
101190104,江宁,江苏省,南京市,31.9534,118.8506
101190105,六合,江苏省,南京市,32.3407,118.8506
101190107,浦口,江苏省,南京市,32.0584,118.6253
101190108,玄武,江苏省,南京市,32.0507,118.7922
101190109,秦淮,江苏省,南京市,32.0338,118.7861
101190110,建邺,江苏省,南京市,32.0045,118.7327
101190111,鼓楼,江苏省,南京市,32.0670,118.7697
101190112,栖霞,江苏省,南京市,32.0964,118.9091
101190113,雨花台,江苏省,南京市,31.9959,118.7721
101190201,无锡,江苏省,无锡市,31.4911,120.3119
101190202,江阴,江苏省,无锡市,31.9110,120.2759
101190203,宜兴,江苏省,无锡市,31.3644,119.8205
101190204,锡山,江苏省,无锡市,31.5856,120.3573
101190205,惠山,江苏省,无锡市,31.6810,120.3035
101190206,滨湖,江苏省,无锡市,31.5502,120.2661
101190207,梁溪,江苏省,无锡市,31.5757,120.2966
101190208,新吴,江苏省,无锡市,31.4909,120.3643
101190301,镇江,江苏省,镇江市,32.2044,119.4528
101190302,丹阳,江苏省,镇江市,31.9915,119.5819
101190303,扬中,江苏省,镇江市,32.2373,119.8281
101190304,句容,江苏省,镇江市,31.9474,119.1671
101190305,丹徒,江苏省,镇江市,32.1290,119.4339
101190306,京口,江苏省,镇江市,32.2062,119.4546
101190307,润州,江苏省,镇江市,32.2135,119.4149
101190401,苏州,江苏省,苏州市,31.2994,120.6196
101190402,常熟,江苏省,苏州市,31.6582,120.7485
101190403,张家港,江苏省,苏州市,31.8656,120.5434
101190404,昆山,江苏省,苏州市,31.3819,120.9581
101190405,吴中,江苏省,苏州市,31.2708,120.6246
101190406,虎丘,江苏省,苏州市,31.3296,120.4342
101190407,吴江,江苏省,苏州市,31.1604,120.6416
101190408,太仓,江苏省,苏州市,31.4526,121.1123
101190409,相城,江苏省,苏州市,31.3967,120.6190
101190410,姑苏,江苏省,苏州市,31.3114,120.6222
101190501,南通,江苏省,南通市,32.0162,120.8646
101190502,海安,江苏省,南通市,32.5403,120.4660
101190503,如皋,江苏省,南通市,32.3916,120.5663
101190504,如东,江苏省,南通市,32.3118,121.1861
101190505,崇川,江苏省,南通市,32.0153,120.8663
101190507,启东,江苏省,南通市,31.8102,121.6597
101190508,海门,江苏省,南通市,31.8935,121.1766
101190509,通州,江苏省,南通市,32.0843,121.0732
101190601,扬州,江苏省,扬州市,32.3932,119.4210
101190602,宝应,江苏省,扬州市,33.2369,119.3213
101190603,仪征,江苏省,扬州市,32.2720,119.1824
101190604,高邮,江苏省,扬州市,32.7852,119.4438
101190605,江都,江苏省,扬州市,32.4266,119.5675
101190606,邗江,江苏省,扬州市,32.3779,119.3978
101190607,广陵,江苏省,扬州市,32.3922,119.4423
101190701,盐城,江苏省,盐城市,33.3776,120.1400
101190702,响水,江苏省,盐城市,34.2000,119.5796
101190703,滨海,江苏省,盐城市,33.9899,119.8284
101190704,阜宁,江苏省,盐城市,33.7857,119.8053
101190705,射阳,江苏省,盐城市,33.7663,120.3263
101190706,建湖,江苏省,盐城市,33.4726,119.7931
101190707,东台,江苏省,盐城市,32.8532,120.3141
101190708,大丰,江苏省,盐城市,33.1995,120.4703
101190709,盐都,江苏省,盐城市,33.3413,120.1398
101190710,亭湖,江苏省,盐城市,33.3914,120.1962
101190801,徐州,江苏省,徐州市,34.2042,117.2838
101190802,铜山,江苏省,徐州市,34.1929,117.1839
101190803,丰县,江苏省,徐州市,34.6969,116.5929
101190804,沛县,江苏省,徐州市,34.7290,116.9372
101190805,邳州,江苏省,徐州市,34.3392,118.0125
101190806,睢宁,江苏省,徐州市,33.8992,117.9507
101190807,新沂,江苏省,徐州市,34.3688,118.3458
101190808,鼓楼,江苏省,徐州市,34.2694,117.1929
101190809,云龙,江苏省,徐州市,34.2536,117.2515
101190810,贾汪,江苏省,徐州市,34.4416,117.4502
101190811,泉山,江苏省,徐州市,34.2266,117.1944
101190901,淮安,江苏省,淮安市,33.5515,119.1132
101190902,金湖,江苏省,淮安市,33.0182,119.0169
101190903,盱眙,江苏省,淮安市,33.0044,118.4938
101190904,洪泽,江苏省,淮安市,33.2950,118.8679
101190905,涟水,江苏省,淮安市,33.7713,119.2661
101190906,淮阴区,江苏省,淮安市,33.6225,119.0208
101190907,清江浦,江苏省,淮安市,33.5917,119.0256
101190908,淮安区,江苏省,淮安市,33.5075,119.1463
101191001,连云港,江苏省,连云港市,34.6000,119.1788
101191002,东海,江苏省,连云港市,34.5229,118.7665
101191003,赣榆,江苏省,连云港市,34.8392,119.1288
101191004,灌云,江苏省,连云港市,34.2984,119.2557
101191005,灌南,江苏省,连云港市,34.0926,119.3523
101191006,海州,江苏省,连云港市,34.6016,119.1798
101191007,连云,江苏省,连云港市,34.7602,119.3388
101191101,常州,江苏省,常州市,31.7728,119.9470
101191102,溧阳,江苏省,常州市,31.4271,119.4878
101191103,金坛,江苏省,常州市,31.7444,119.5734
101191104,武进,江苏省,常州市,31.7186,119.9588
101191105,天宁,江苏省,常州市,31.7796,119.9638
101191106,钟楼,江苏省,常州市,31.7810,119.9484
101191107,新北,江苏省,常州市,31.8247,119.9747
101191201,泰州,江苏省,泰州市,32.4849,119.9152
101191202,兴化,江苏省,泰州市,32.9381,119.8402
101191203,泰兴,江苏省,泰州市,32.1688,120.0202
101191204,姜堰,江苏省,泰州市,32.5085,120.1482
101191205,靖江,江苏省,泰州市,32.0182,120.2683
101191206,海陵,江苏省,泰州市,32.4884,119.9202
101191207,高港,江苏省,泰州市,32.3157,119.8817
101191301,宿迁,江苏省,宿迁市,33.9630,118.2752
101191302,沭阳,江苏省,宿迁市,34.1291,118.7759
101191303,泗阳,江苏省,宿迁市,33.7114,118.6813
101191304,泗洪,江苏省,宿迁市,33.4565,118.2118
101191305,宿豫,江苏省,宿迁市,33.9411,118.3300
101191306,宿城,江苏省,宿迁市,33.9377,118.2790
101200101,武汉,湖北省,武汉市,30.5844,114.2986
101200102,蔡甸,湖北省,武汉市,30.5364,114.0873
101200103,黄陂,湖北省,武汉市,30.8742,114.3740
101200104,新洲,湖北省,武汉市,30.8422,114.8021
101200105,江夏,湖北省,武汉市,30.3490,114.3140
101200106,东西湖,湖北省,武汉市,30.6225,114.1425
101200107,江岸,湖北省,武汉市,30.5949,114.3030
101200108,江汉,湖北省,武汉市,30.5788,114.2831
101200109,硚口,湖北省,武汉市,30.5706,114.2646
101200110,汉阳,湖北省,武汉市,30.5493,114.2658
101200111,武昌,湖北省,武汉市,30.5465,114.3073
101200112,青山,湖北省,武汉市,30.6342,114.3971
101200113,洪山,湖北省,武汉市,30.5006,114.3427
101200114,汉南,湖北省,武汉市,30.3096,114.0812
101200201,襄阳,湖北省,襄阳市,32.0424,112.1442
101200202,襄州,湖北省,襄阳市,32.0855,112.1974
101200203,保康,湖北省,襄阳市,31.8735,111.2622
101200204,南漳,湖北省,襄阳市,31.7769,111.8444
101200205,宜城,湖北省,襄阳市,31.7092,112.2614
101200206,老河口,湖北省,襄阳市,32.3854,111.6757
101200207,谷城,湖北省,襄阳市,32.2627,111.6401
101200208,枣阳,湖北省,襄阳市,32.1231,112.7653
101200209,襄城,湖北省,襄阳市,32.0151,112.1503
101200210,樊城,湖北省,襄阳市,32.0586,112.1396
101200301,鄂州,湖北省,鄂州市,30.3965,114.8906
101200302,梁子湖,湖北省,鄂州市,30.0982,114.6820
101200303,华容,湖北省,鄂州市,30.5345,114.7415
101200304,鄂城,湖北省,鄂州市,30.3967,114.8900
101200401,孝感,湖北省,孝感市,30.9264,113.9267
101200402,安陆,湖北省,孝感市,31.2617,113.6904
101200403,云梦,湖北省,孝感市,31.0217,113.7506
101200404,大悟,湖北省,孝感市,31.5655,114.1263
101200405,应城,湖北省,孝感市,30.9390,113.5738
101200406,汉川,湖北省,孝感市,30.6522,113.8353
101200407,孝昌,湖北省,孝感市,31.2516,113.9890
101200408,孝南,湖北省,孝感市,30.9260,113.9259
101200501,黄冈,湖北省,黄冈市,30.4477,114.8794
101200502,红安,湖北省,黄冈市,31.2848,114.6151
101200503,麻城,湖北省,黄冈市,31.1779,115.0254
101200504,罗田,湖北省,黄冈市,30.7817,115.3990
101200505,英山,湖北省,黄冈市,30.7358,115.6775
101200506,浠水,湖北省,黄冈市,30.4548,115.2634
101200507,蕲春,湖北省,黄冈市,30.2349,115.4340
101200508,黄梅,湖北省,黄冈市,30.0751,115.9426
101200509,武穴,湖北省,黄冈市,29.8493,115.5624
101200510,团风,湖北省,黄冈市,30.6357,114.8720
101200511,黄州,湖北省,黄冈市,30.4474,114.8789
101200601,黄石,湖北省,黄石市,30.2201,115.0770
101200602,大冶,湖北省,黄石市,30.0988,114.9748
101200603,阳新,湖北省,黄石市,29.8416,115.2129
101200604,铁山,湖北省,黄石市,30.2060,114.9014
101200605,下陆,湖北省,黄石市,30.1778,114.9758
101200606,西塞山,湖北省,黄石市,30.2054,115.0934
101200607,黄石港,湖北省,黄石市,30.2121,115.0902
101200701,咸宁,湖北省,咸宁市,29.8328,114.3290
101200702,赤壁,湖北省,咸宁市,29.7169,113.8837
101200703,嘉鱼,湖北省,咸宁市,29.9734,113.9215
101200704,崇阳,湖北省,咸宁市,29.5410,114.0500
101200705,通城,湖北省,咸宁市,29.2461,113.8141
101200706,通山,湖北省,咸宁市,29.6045,114.4932
101200707,咸安,湖北省,咸宁市,29.8247,114.3339
101200801,荆州,湖北省,荆州市,30.3269,112.2381
101200802,江陵,湖北省,荆州市,30.0339,112.4174
101200803,公安,湖北省,荆州市,30.0591,112.2302
101200804,石首,湖北省,荆州市,29.7164,112.4089
101200805,监利,湖北省,荆州市,29.8201,112.9043
101200806,洪湖,湖北省,荆州市,29.8130,113.4703
101200807,松滋,湖北省,荆州市,30.1760,111.7782
101200808,沙市,湖北省,荆州市,30.3159,112.2574
101200809,荆州区,湖北省,荆州市,30.3528,112.1902
101200901,宜昌,湖北省,宜昌市,30.7026,111.2908
101200902,远安,湖北省,宜昌市,31.0596,111.6433
101200903,秭归,湖北省,宜昌市,30.8239,110.9768
101200904,兴山,湖北省,宜昌市,31.3480,110.7545
101200905,西陵,湖北省,宜昌市,30.7025,111.2955
101200906,五峰,湖北省,宜昌市,30.1567,111.0737
101200907,当阳,湖北省,宜昌市,30.8245,111.7934
101200908,长阳,湖北省,宜昌市,30.4665,111.1985
101200909,宜都,湖北省,宜昌市,30.3872,111.4544
101200910,枝江,湖北省,宜昌市,30.4254,111.7518
101200912,夷陵,湖北省,宜昌市,30.7702,111.3267
101200913,伍家岗,湖北省,宜昌市,30.6441,111.3609
101200914,点军,湖北省,宜昌市,30.6923,111.2682
101200915,猇亭,湖北省,宜昌市,30.5307,111.4276
101201001,恩施州,湖北省,恩施土家族苗族自治州,30.2831,109.4870
101201002,利川,湖北省,恩施土家族苗族自治州,30.2942,108.9435
101201003,建始,湖北省,恩施土家族苗族自治州,30.6016,109.7238
101201004,咸丰,湖北省,恩施土家族苗族自治州,29.6790,109.1504
101201005,宣恩,湖北省,恩施土家族苗族自治州,29.9887,109.4828
101201006,鹤峰,湖北省,恩施土家族苗族自治州,29.8873,110.0337
101201007,来凤,湖北省,恩施土家族苗族自治州,29.5069,109.4083
101201008,巴东,湖北省,恩施土家族苗族自治州,31.0414,110.3367
101201009,恩施市,湖北省,恩施土家族苗族自治州,30.2930,109.4796
101201101,十堰,湖北省,十堰市,32.6469,110.7879
101201102,竹溪,湖北省,十堰市,32.3153,109.7172
101201103,郧西,湖北省,十堰市,32.9915,110.4265
101201104,郧阳,湖北省,十堰市,32.8383,110.8121
101201105,竹山,湖北省,十堰市,32.2259,110.2296
101201106,房县,湖北省,十堰市,32.0550,110.7420
101201107,丹江口,湖北省,十堰市,32.5388,111.5138
101201108,茅箭,湖北省,十堰市,32.5919,110.8135
101201109,张湾,湖北省,十堰市,32.6525,110.7724
101201201,神农架,湖北省,神农架林区,31.7445,110.6715
101201301,随州,湖北省,随州市,31.7175,113.3738
101201302,广水,湖北省,随州市,31.6177,113.8266
101201303,曾都,湖北省,随州市,31.7175,113.3745
101201304,随县,湖北省,随州市,31.8542,113.3014
101201401,荆门,湖北省,荆门市,31.0354,112.2043
101201402,钟祥,湖北省,荆门市,31.1656,112.5873
101201403,京山,湖北省,荆门市,31.0225,113.1146
101201404,掇刀,湖北省,荆门市,30.9808,112.1984
101201405,沙洋,湖北省,荆门市,30.7036,112.5952
101201406,东宝,湖北省,荆门市,31.0335,112.2048
101201501,天门,湖北省,天门市,30.6531,113.1659
101201601,仙桃,湖北省,仙桃市,30.3650,113.4540
101201701,潜江,湖北省,潜江市,30.4212,112.8969
101210101,杭州,浙江省,杭州市,30.2460,120.2108
101210102,萧山,浙江省,杭州市,30.1629,120.2707
101210103,桐庐,浙江省,杭州市,29.7974,119.6850
101210104,淳安,浙江省,杭州市,29.6042,119.0443
101210105,建德,浙江省,杭州市,29.4723,119.2791
101210106,余杭,浙江省,杭州市,30.2737,119.9787
101210107,临安,浙江省,杭州市,30.2312,119.7151
101210108,富阳,浙江省,杭州市,30.0499,119.9499
101210109,上城,浙江省,杭州市,30.2502,120.1715
101210111,钱塘,浙江省,杭州市,30.3230,120.4939
101210112,拱墅,浙江省,杭州市,30.3147,120.1501
101210113,西湖,浙江省,杭州市,30.2729,120.1474
101210114,滨江,浙江省,杭州市,30.2066,120.2106
101210115,临平,浙江省,杭州市,30.4192,120.2992
101210201,湖州,浙江省,湖州市,30.8672,120.1024
101210202,长兴,浙江省,湖州市,31.0047,119.9101
101210203,安吉,浙江省,湖州市,30.6320,119.6879
101210204,德清,浙江省,湖州市,30.5349,119.9677
101210205,吴兴,浙江省,湖州市,30.8572,120.1856
101210206,南浔,浙江省,湖州市,30.8727,120.4172
101210301,嘉兴,浙江省,嘉兴市,30.7627,120.7509
101210302,嘉善,浙江省,嘉兴市,30.8414,120.9219
101210303,海宁,浙江省,嘉兴市,30.5255,120.6888
101210304,桐乡,浙江省,嘉兴市,30.6291,120.5511
101210305,平湖,浙江省,嘉兴市,30.6989,121.0147
101210306,海盐,浙江省,嘉兴市,30.5222,120.9420
101210307,南湖,浙江省,嘉兴市,30.7647,120.7500
101210308,秀洲,浙江省,嘉兴市,30.7633,120.7204
101210401,宁波,浙江省,宁波市,29.8603,121.6245
101210402,海曙,浙江省,宁波市,29.8745,121.5397
101210403,慈溪,浙江省,宁波市,30.1771,121.2481
101210404,余姚,浙江省,宁波市,30.0454,121.1563
101210405,奉化,浙江省,宁波市,29.6623,121.4109
101210406,象山,浙江省,宁波市,29.4702,121.8771
101210408,宁海,浙江省,宁波市,29.2998,121.4326
101210409,江北,浙江省,宁波市,29.8884,121.5593
101210410,北仑,浙江省,宁波市,29.9094,121.8313
101210411,鄞州,浙江省,宁波市,29.8317,121.5584
101210412,镇海,浙江省,宁波市,29.9652,121.5967
101210501,越城,浙江省,绍兴市,29.9970,120.5853
101210502,诸暨,浙江省,绍兴市,29.7137,120.2443
101210503,上虞,浙江省,绍兴市,30.0168,120.8742
101210504,新昌,浙江省,绍兴市,29.5012,120.9057
101210505,嵊州,浙江省,绍兴市,29.5866,120.8289
101210506,柯桥,浙江省,绍兴市,30.0780,120.4761
101210507,绍兴,浙江省,绍兴市,30.0516,120.5829
101210601,台州,浙江省,台州市,28.6614,121.4286
101210603,玉环,浙江省,台州市,28.1284,121.2323
101210604,三门,浙江省,台州市,29.1190,121.3764
101210605,天台,浙江省,台州市,29.1411,121.0312
101210606,仙居,浙江省,台州市,28.8492,120.7351
101210607,温岭,浙江省,台州市,28.3688,121.3736
101210610,临海,浙江省,台州市,28.8454,121.1312
101210611,椒江,浙江省,台州市,28.6761,121.4310
101210612,黄岩,浙江省,台州市,28.6449,121.2621
101210613,路桥,浙江省,台州市,28.5818,121.3729
101210701,温州,浙江省,温州市,28.0006,120.6721
101210702,泰顺,浙江省,温州市,27.5573,119.7162
101210703,文成,浙江省,温州市,27.7891,120.0925
101210704,平阳,浙江省,温州市,27.6693,120.5644
101210705,瑞安,浙江省,温州市,27.7793,120.6462
101210706,洞头,浙江省,温州市,27.8361,121.1562
101210707,乐清,浙江省,温州市,28.1161,120.9671
101210708,永嘉,浙江省,温州市,28.1539,120.6910
101210709,苍南,浙江省,温州市,27.5186,120.4260
101210710,鹿城,浙江省,温州市,28.0034,120.6742
101210711,龙湾,浙江省,温州市,27.9333,120.8123
101210712,瓯海,浙江省,温州市,27.9675,120.6152
101210713,龙港,浙江省,温州市,27.5784,120.5530
101210801,丽水,浙江省,丽水市,28.4520,119.9218
101210802,遂昌,浙江省,丽水市,28.5924,119.2759
101210803,龙泉,浙江省,丽水市,28.0692,119.1323
101210804,缙云,浙江省,丽水市,28.6542,120.0790
101210805,青田,浙江省,丽水市,28.1352,120.2919
101210806,云和,浙江省,丽水市,28.1111,119.5695
101210807,庆元,浙江省,丽水市,27.6182,119.0672
101210808,松阳,浙江省,丽水市,28.4499,119.4853
101210809,景宁,浙江省,丽水市,27.9772,119.6347
101210810,莲都,浙江省,丽水市,28.4511,119.9223
101210901,金华,浙江省,金华市,29.0895,119.6495
101210902,浦江,浙江省,金华市,29.4513,119.8934
101210903,兰溪,浙江省,金华市,29.2101,119.4605
101210904,义乌,浙江省,金华市,29.3069,120.0749
101210905,东阳,浙江省,金华市,29.2625,120.2333
101210906,武义,浙江省,金华市,28.8966,119.8192
101210907,永康,浙江省,金华市,28.8953,120.0363
101210908,磐安,浙江省,金华市,29.0526,120.4451
101210909,婺城,浙江省,金华市,29.0873,119.5716
101210910,金东,浙江省,金华市,29.0958,119.6813
101211001,衢州,浙江省,衢州市,28.9417,118.8726
101211002,常山,浙江省,衢州市,28.9000,118.5217
101211003,开化,浙江省,衢州市,29.1365,118.4144
101211004,龙游,浙江省,衢州市,29.0314,119.1725
101211005,江山,浙江省,衢州市,28.7347,118.6279
101211006,衢江,浙江省,衢州市,28.9732,118.9577
101211007,柯城,浙江省,衢州市,28.9445,118.8730
101211101,舟山,浙江省,舟山市,29.9856,122.2074
101211102,嵊泗,浙江省,舟山市,30.7272,122.4578
101211104,岱山,浙江省,舟山市,30.2429,122.2011
101211105,普陀,浙江省,舟山市,29.9456,122.3020
101211106,定海,浙江省,舟山市,30.0164,122.1085
101220101,合肥,安徽省,合肥市,31.8206,117.2273
101220102,长丰,安徽省,合肥市,32.4785,117.1647
101220103,肥东,安徽省,合肥市,31.8840,117.4632
101220104,肥西,安徽省,合肥市,31.7196,117.1661
101220105,巢湖,安徽省,合肥市,31.6005,117.8742
101220106,庐江,安徽省,合肥市,31.2515,117.2898
101220107,瑶海,安徽省,合肥市,31.8696,117.3154
101220108,庐阳,安徽省,合肥市,31.8690,117.2838
101220109,蜀山,安徽省,合肥市,31.8559,117.2621
101220110,包河,安徽省,合肥市,31.8296,117.2858
101220201,蚌埠,安徽省,蚌埠市,32.9397,117.3632
101220202,怀远,安徽省,蚌埠市,32.9569,117.2002
101220203,固镇,安徽省,蚌埠市,33.3187,117.3160
101220204,五河,安徽省,蚌埠市,33.1462,117.8888
101220205,龙子湖,安徽省,蚌埠市,32.9086,117.4545
101220206,蚌山,安徽省,蚌埠市,32.9381,117.3558
101220207,禹会,安徽省,蚌埠市,32.9297,117.3419
101220208,淮上,安徽省,蚌埠市,32.9631,117.3471
101220301,芜湖,安徽省,芜湖市,31.3526,118.4331
101220302,繁昌,安徽省,芜湖市,31.0809,118.2013
101220303,湾沚,安徽省,芜湖市,31.1453,118.5723
101220304,南陵,安徽省,芜湖市,30.9196,118.3371
101220305,无为,安徽省,芜湖市,31.3031,117.9114
101220306,镜湖,安徽省,芜湖市,31.3256,118.3763
101220307,弋江,安徽省,芜湖市,31.3134,118.3775
101220308,鸠江,安徽省,芜湖市,31.3627,118.4002
101220401,淮南,安徽省,淮南市,32.5854,117.0186
101220402,凤台,安徽省,淮南市,32.7054,116.7228
101220403,潘集,安徽省,淮南市,32.7821,116.8169
101220404,大通,安徽省,淮南市,32.6321,117.0529
101220405,田家庵,安徽省,淮南市,32.6443,117.0183
101220406,谢家集,安徽省,淮南市,32.5983,116.8654
101220407,八公山,安徽省,淮南市,32.6282,116.8411
101220408,寿县,安徽省,淮南市,32.5773,116.7853
101220501,马鞍山,安徽省,马鞍山市,31.6894,118.5079
101220502,当涂,安徽省,马鞍山市,31.5562,118.4899
101220503,含山,安徽省,马鞍山市,31.7278,118.1055
101220504,和县,安徽省,马鞍山市,31.7166,118.3630
101220505,花山,安徽省,马鞍山市,31.6990,118.5113
101220506,雨山,安徽省,马鞍山市,31.6859,118.4931
101220507,博望,安徽省,马鞍山市,31.5623,118.8437
101220601,安庆,安徽省,安庆市,30.5318,117.1154
101220603,太湖,安徽省,安庆市,30.4519,116.3052
101220604,潜山,安徽省,安庆市,30.6382,116.5737
101220605,怀宁,安徽省,安庆市,30.7350,116.8287
101220606,宿松,安徽省,安庆市,30.1583,116.1202
101220607,望江,安徽省,安庆市,30.1249,116.6909
101220608,岳西,安徽省,安庆市,30.8485,116.3605
101220609,桐城,安徽省,安庆市,31.0506,116.9597
101220610,迎江,安徽省,安庆市,30.5064,117.0450
101220611,大观,安徽省,安庆市,30.5537,117.0135
101220612,宜秀,安徽省,安庆市,30.6132,116.9875
101220701,宿州,安徽省,宿州市,33.6339,116.9841
101220702,砀山,安徽省,宿州市,34.4262,116.3511
101220703,灵璧,安徽省,宿州市,33.5545,117.5493
101220704,泗县,安徽省,宿州市,33.4776,117.8854
101220705,萧县,安徽省,宿州市,34.1833,116.9454
101220706,埇桥,安徽省,宿州市,33.6339,116.9833
101220801,阜阳,安徽省,阜阳市,32.8970,115.8197
101220802,阜南,安徽省,阜阳市,32.6381,115.5905
101220803,颍上,安徽省,阜阳市,32.6371,116.2591
101220804,临泉,安徽省,阜阳市,33.0627,115.2617
101220805,界首,安徽省,阜阳市,33.2615,115.3621
101220806,太和,安徽省,阜阳市,33.1623,115.6272
101220807,颍州,安徽省,阜阳市,32.8912,115.8139
101220808,颍东,安徽省,阜阳市,32.9089,115.8587
101220809,颍泉,安徽省,阜阳市,32.9248,115.8045
101220901,亳州,安徽省,亳州市,33.8693,115.7829
101220902,涡阳,安徽省,亳州市,33.5028,116.2115
101220903,利辛,安徽省,亳州市,33.1435,116.2078
101220904,蒙城,安徽省,亳州市,33.2608,116.5603
101220905,谯城,安徽省,亳州市,33.8693,115.7812
101221001,黄山,安徽省,黄山市,29.7092,118.3173
101221002,黄山区,安徽省,黄山市,30.2945,118.1366
101221003,屯溪,安徽省,黄山市,29.7092,118.3174
101221004,祁门,安徽省,黄山市,29.8535,117.7172
101221005,黟县,安徽省,黄山市,29.9238,117.9429
101221006,歙县,安徽省,黄山市,29.8677,118.4280
101221007,休宁,安徽省,黄山市,29.7889,118.1885
101221009,徽州,安徽省,黄山市,29.8252,118.3397
101221101,滁州,安徽省,滁州市,32.2559,118.3334
101221102,凤阳,安徽省,滁州市,32.8671,117.5625
101221103,明光,安徽省,滁州市,32.7812,117.9980
101221104,定远,安徽省,滁州市,32.5271,117.6837
101221105,全椒,安徽省,滁州市,32.0938,118.2686
101221106,来安,安徽省,滁州市,32.4502,118.4333
101221107,天长,安徽省,滁州市,32.6815,119.0112
101221108,琅琊,安徽省,滁州市,32.3038,118.3165
101221109,南谯,安徽省,滁州市,32.2001,118.4167
101221201,淮北,安徽省,淮北市,33.9717,116.7947
101221202,濉溪,安徽省,淮北市,33.9164,116.7674
101221203,杜集,安徽省,淮北市,33.9912,116.8339
101221204,相山,安徽省,淮北市,33.9709,116.7908
101221205,烈山,安徽省,淮北市,33.8895,116.8095
101221301,铜陵,安徽省,铜陵市,30.9299,117.8166
101221302,铜官,安徽省,铜陵市,30.9318,117.8184
101221303,义安,安徽省,铜陵市,30.9506,117.9374
101221304,郊区,安徽省,铜陵市,30.9089,117.8071
101221305,枞阳,安徽省,铜陵市,30.7006,117.2220
101221401,宣城,安徽省,宣城市,30.9457,118.7580
101221402,泾县,安徽省,宣城市,30.6860,118.4124
101221403,旌德,安徽省,宣城市,30.2881,118.5431
101221404,宁国,安徽省,宣城市,30.6265,118.9834
101221405,绩溪,安徽省,宣城市,30.0653,118.5947
101221406,广德,安徽省,宣城市,30.8931,119.4175
101221407,郎溪,安徽省,宣城市,31.1278,119.1850
101221408,宣州,安徽省,宣城市,30.9460,118.7584
101221501,六安,安徽省,六安市,31.7529,116.5077
101221502,霍邱,安徽省,六安市,32.3413,116.2789
101221504,金安,安徽省,六安市,31.7545,116.5033
101221505,金寨,安徽省,六安市,31.7273,115.9343
101221506,霍山,安徽省,六安市,31.4025,116.3331
101221507,舒城,安徽省,六安市,31.4628,116.9441
101221508,裕安,安徽省,六安市,31.7388,116.4795
101221509,叶集,安徽省,六安市,31.8477,115.9136
101221701,池州,安徽省,池州市,30.6560,117.4892
101221702,东至,安徽省,池州市,30.0966,117.0215
101221703,青阳,安徽省,池州市,30.6382,117.8574
101221705,石台,安徽省,池州市,30.2103,117.4829
101221706,贵池,安徽省,池州市,30.6874,117.5684
101230101,福州,福建省,福州市,26.0753,119.3062
101230102,闽清,福建省,福州市,26.2238,118.8684
101230103,闽侯,福建省,福州市,26.1486,119.1451
101230104,罗源,福建省,福州市,26.4872,119.5526
101230105,连江,福建省,福州市,26.2021,119.5384
101230106,鼓楼,福建省,福州市,26.0823,119.2993
101230107,永泰,福建省,福州市,25.8648,118.9391
101230108,平潭,福建省,福州市,25.5037,119.7912
101230109,台江,福建省,福州市,26.0586,119.3102
101230110,长乐,福建省,福州市,25.9606,119.5108
101230111,福清,福建省,福州市,25.7204,119.3770
101230112,仓山,福建省,福州市,26.0389,119.3210
101230113,马尾,福建省,福州市,25.9920,119.4587
101230114,晋安,福建省,福州市,26.0788,119.3286
101230201,厦门,福建省,厦门市,24.4905,118.1102
101230202,同安,福建省,厦门市,24.7293,118.1505
101230203,思明,福建省,厦门市,24.4621,118.0878
101230204,海沧,福建省,厦门市,24.4925,118.0364
101230205,湖里,福建省,厦门市,24.5128,118.1094
101230206,集美,福建省,厦门市,24.5729,118.1009
101230207,翔安,福建省,厦门市,24.6375,118.2428
101230301,宁德,福建省,宁德市,26.6592,119.5271
101230302,古田,福建省,宁德市,26.5775,118.7432
101230303,霞浦,福建省,宁德市,26.8821,120.0052
101230304,寿宁,福建省,宁德市,27.4578,119.5067
101230305,周宁,福建省,宁德市,27.1031,119.3382
101230306,福安,福建省,宁德市,27.0842,119.6508
101230307,柘荣,福建省,宁德市,27.2362,119.8982
101230308,福鼎,福建省,宁德市,27.3189,120.2198
101230309,屏南,福建省,宁德市,26.9108,118.9875
101230310,蕉城,福建省,宁德市,26.6593,119.5272
101230401,莆田,福建省,莆田市,25.4310,119.0076
101230402,仙游,福建省,莆田市,25.3565,118.6943
101230404,涵江,福建省,莆田市,25.4593,119.1191
101230405,秀屿,福建省,莆田市,25.3161,119.0926
101230406,荔城,福建省,莆田市,25.4300,119.0201
101230407,城厢,福建省,莆田市,25.4337,119.0010
101230501,泉州,福建省,泉州市,24.8745,118.6757
101230502,安溪,福建省,泉州市,25.0568,118.1860
101230503,金门,福建省,泉州市,24.4364,118.3232
101230504,永春,福建省,泉州市,25.3207,118.2950
101230505,德化,福建省,泉州市,25.4890,118.2430
101230506,南安,福建省,泉州市,24.9595,118.3870
101230508,惠安,福建省,泉州市,25.0287,118.7990
101230509,晋江,福建省,泉州市,24.8073,118.5773
101230510,石狮,福建省,泉州市,24.7320,118.6284
101230511,鲤城,福建省,泉州市,24.9076,118.5889
101230512,丰泽,福建省,泉州市,24.8960,118.6051
101230513,洛江,福建省,泉州市,24.9412,118.6703
101230514,泉港,福建省,泉州市,25.1269,118.9123
101230601,漳州,福建省,漳州市,24.5109,117.6618
101230602,长泰,福建省,漳州市,24.6215,117.7559
101230603,南靖,福建省,漳州市,24.5164,117.3655
101230604,平和,福建省,漳州市,24.3662,117.3135
101230605,龙海,福建省,漳州市,24.4453,117.8173
101230606,漳浦,福建省,漳州市,24.1179,117.6140
101230607,诏安,福建省,漳州市,23.7108,117.1761
101230608,东山,福建省,漳州市,23.7028,117.4277
101230609,云霄,福建省,漳州市,23.9505,117.3409
101230610,华安,福建省,漳州市,25.0014,117.5363
101230611,芗城,福建省,漳州市,24.5100,117.6565
101230612,龙文,福建省,漳州市,24.5035,117.7112
101230701,龙岩,福建省,龙岩市,25.0916,117.0298
101230702,长汀,福建省,龙岩市,25.8423,116.3610
101230703,连城,福建省,龙岩市,25.7085,116.7567
101230704,武平,福建省,龙岩市,25.0887,116.1009
101230705,上杭,福建省,龙岩市,25.0500,116.4248
101230706,永定,福建省,龙岩市,24.7204,116.7327
101230707,漳平,福建省,龙岩市,25.2916,117.4207
101230708,新罗,福建省,龙岩市,25.0918,117.0307
101230801,三明,福建省,三明市,26.2654,117.6350
101230802,宁化,福建省,三明市,26.2599,116.6597
101230803,清流,福建省,三明市,26.1776,116.8158
101230804,泰宁,福建省,三明市,26.8980,117.1775
101230805,将乐,福建省,三明市,26.7287,117.4736
101230806,建宁,福建省,三明市,26.8314,116.8458
101230807,明溪,福建省,三明市,26.3574,117.2018
101230808,沙县,福建省,三明市,26.3974,117.7891
101230809,尤溪,福建省,三明市,26.1693,118.1886
101230810,永安,福建省,三明市,25.9741,117.3644
101230811,大田,福建省,三明市,25.6908,117.8494
101230813,三元,福建省,三明市,26.2717,117.6462
101230901,南平,福建省,南平市,27.3828,118.0813
101230902,顺昌,福建省,南平市,26.7929,117.8077
101230903,光泽,福建省,南平市,27.5428,117.3379
101230904,邵武,福建省,南平市,27.3380,117.4915
101230905,武夷山,福建省,南平市,27.7517,118.0328
101230906,浦城,福建省,南平市,27.9204,118.5368
101230907,建阳,福建省,南平市,27.3321,118.1227
101230908,松溪,福建省,南平市,27.5258,118.7835
101230909,政和,福建省,南平市,27.3654,118.8587
101230910,建瓯,福建省,南平市,27.0350,118.3218
101230911,延平,福建省,南平市,26.6361,118.1789
101240101,南昌,江西省,南昌市,28.6765,115.8922
101240102,新建,江西省,南昌市,28.6908,115.8208
101240103,南昌县,江西省,南昌市,28.5438,115.9425
101240104,安义,江西省,南昌市,28.8413,115.5531
101240105,进贤,江西省,南昌市,28.3776,116.2425
101240106,东湖,江西省,南昌市,28.6830,115.8897
101240107,西湖,江西省,南昌市,28.6629,115.9107
101240108,青云谱,江西省,南昌市,28.6357,115.9073
101240109,红谷滩,江西省,南昌市,28.6982,115.8581
101240110,青山湖,江西省,南昌市,28.6893,115.9490
101240201,九江,江西省,九江市,29.6612,115.9536
101240202,瑞昌,江西省,九江市,29.6766,115.6691
101240203,庐山,江西省,九江市,29.4562,116.0437
101240204,武宁,江西省,九江市,29.2602,115.1056
101240205,德安,江西省,九江市,29.3275,115.7626
101240206,永修,江西省,九江市,29.0182,115.8091
101240207,湖口,江西省,九江市,29.7263,116.2443
101240208,彭泽,江西省,九江市,29.8989,116.5558
101240210,都昌,江西省,九江市,29.2751,116.2051
101240211,浔阳,江西省,九江市,29.7246,115.9959
101240212,修水,江西省,九江市,29.0327,114.5734
101240213,共青城,江西省,九江市,29.2479,115.8057
101240214,濂溪,江西省,九江市,29.6719,116.0285
101240215,柴桑,江西省,九江市,29.6088,115.9110
101240301,上饶,江西省,上饶市,28.4444,117.9712
101240302,鄱阳,江西省,上饶市,28.9934,116.6737
101240303,婺源,江西省,上饶市,29.2540,117.8622
101240304,信州,江西省,上饶市,28.4454,117.9705
101240305,余干,江西省,上饶市,28.6917,116.6911
101240306,万年,江西省,上饶市,28.6926,117.0702
101240307,德兴,江西省,上饶市,28.9450,117.5787
101240308,广信,江西省,上饶市,28.4539,117.9061
101240309,弋阳,江西省,上饶市,28.4024,117.4350
101240310,横峰,江西省,上饶市,28.4151,117.6082
101240311,铅山,江西省,上饶市,28.3109,117.7119
101240312,玉山,江西省,上饶市,28.6735,118.2444
101240313,广丰,江西省,上饶市,28.4403,118.1899
101240401,抚州,江西省,抚州市,27.9839,116.3584
101240402,广昌,江西省,抚州市,26.8384,116.3273
101240403,乐安,江西省,抚州市,27.4201,115.8384
101240404,崇仁,江西省,抚州市,27.7609,116.0591
101240405,金溪,江西省,抚州市,27.9074,116.7787
101240406,资溪,江西省,抚州市,27.7065,117.0661
101240407,宜黄,江西省,抚州市,27.5465,116.2230
101240408,南城,江西省,抚州市,27.5553,116.6395
101240409,南丰,江西省,抚州市,27.2101,116.5330
101240410,黎川,江西省,抚州市,27.2926,116.9146
101240411,东乡,江西省,抚州市,28.2325,116.6053
101240412,临川,江西省,抚州市,27.9351,116.3119
101240501,宜春,江西省,宜春市,27.8043,114.3911
101240502,铜鼓,江西省,宜春市,28.5210,114.3701
101240503,宜丰,江西省,宜春市,28.3883,114.7874
101240504,万载,江西省,宜春市,28.1062,114.4455
101240505,上高,江西省,宜春市,28.2348,114.9327
101240506,靖安,江西省,宜春市,28.8605,115.3617
101240507,奉新,江西省,宜春市,28.7007,115.3899
101240508,高安,江西省,宜春市,28.4210,115.3815
101240509,樟树,江西省,宜春市,28.0559,115.5434
101240510,丰城,江西省,宜春市,28.1916,115.7860
101240511,袁州,江西省,宜春市,27.8001,114.3874
101240601,吉安,江西省,吉安市,27.1117,114.9864
101240602,吉安县,江西省,吉安市,27.0400,114.9051
101240603,吉水,江西省,吉安市,27.2134,115.1346
101240604,新干,江西省,吉安市,27.7558,115.3993
101240605,峡江,江西省,吉安市,27.5809,115.3193
101240606,永丰,江西省,吉安市,27.3211,115.4356
101240607,永新,江西省,吉安市,26.9447,114.2425
101240608,井冈山,江西省,吉安市,26.7459,114.2844
101240609,万安,江西省,吉安市,26.4621,114.7847
101240610,遂川,江西省,吉安市,26.3237,114.5169
101240611,泰和,江西省,吉安市,26.7902,114.9014
101240612,安福,江西省,吉安市,27.3827,114.6138
101240614,吉州,江西省,吉安市,27.1124,114.9873
101240615,青原,江西省,吉安市,27.1059,115.0163
101240701,赣州,江西省,赣州市,25.8510,114.9403
101240702,崇义,江西省,赣州市,25.6879,114.3074
101240703,上犹,江西省,赣州市,25.7943,114.5405
101240704,南康,江西省,赣州市,25.6617,114.7569
101240705,大余,江西省,赣州市,25.3959,114.3622
101240706,信丰,江西省,赣州市,25.3802,114.9309
101240707,宁都,江西省,赣州市,26.4721,116.0188
101240708,石城,江西省,赣州市,26.3266,116.3422
101240709,瑞金,江西省,赣州市,25.8753,116.0349
101240710,于都,江西省,赣州市,25.9550,115.4112
101240711,会昌,江西省,赣州市,25.5991,115.7912
101240712,安远,江西省,赣州市,25.1346,115.3923
101240713,全南,江西省,赣州市,24.7427,114.5316
101240714,龙南,江西省,赣州市,24.9048,114.7927
101240715,定南,江西省,赣州市,24.7743,115.0327
101240716,寻乌,江西省,赣州市,24.9541,115.6514
101240717,兴国,江西省,赣州市,26.3305,115.3519
101240718,赣县,江西省,赣州市,25.8654,115.0185
101240719,章贡,江西省,赣州市,25.8514,114.9387
101240801,景德镇,江西省,景德镇市,29.2926,117.2147
101240802,乐平,江西省,景德镇市,28.9674,117.1294
101240803,浮梁,江西省,景德镇市,29.3523,117.2176
101240804,昌江,江西省,景德镇市,29.2885,117.1950
101240805,珠山,江西省,景德镇市,29.3052,117.2714
101240901,萍乡,江西省,萍乡市,27.6587,113.8872
101240902,莲花,江西省,萍乡市,27.1278,113.9556
101240903,上栗,江西省,萍乡市,27.8770,113.8005
101240904,安源,江西省,萍乡市,27.6258,113.8550
101240905,芦溪,江西省,萍乡市,27.6336,114.0412
101240906,湘东,江西省,萍乡市,27.6393,113.7456
101241001,新余,江西省,新余市,27.8108,114.9308
101241002,分宜,江西省,新余市,27.8113,114.6753
101241003,渝水,江西省,新余市,27.8192,114.9239
101241101,鹰潭,江西省,鹰潭市,28.2386,117.0338
101241102,余江,江西省,鹰潭市,28.2062,116.8228
101241103,贵溪,江西省,鹰潭市,28.2924,117.2452
101241104,月湖,江西省,鹰潭市,28.2670,117.1025
101250101,长沙,湖南省,长沙市,28.2283,112.9389
101250102,宁乡,湖南省,长沙市,28.2539,112.5532
101250103,浏阳,湖南省,长沙市,28.1411,113.6333
101250105,望城,湖南省,长沙市,28.3475,112.8196
101250106,长沙县,湖南省,长沙市,28.2379,113.0801
101250107,芙蓉,湖南省,长沙市,28.1931,112.9881
101250108,天心,湖南省,长沙市,28.1145,112.9898
101250109,岳麓,湖南省,长沙市,28.2130,112.9116
101250110,开福,湖南省,长沙市,28.2573,112.9853
101250111,雨花,湖南省,长沙市,28.1099,113.0163
101250201,湘潭,湖南省,湘潭市,27.8297,112.9441
101250202,韶山,湖南省,湘潭市,27.9227,112.5285
101250203,湘乡,湖南省,湘潭市,27.7349,112.5252
101250204,雨湖,湖南省,湘潭市,27.8608,112.9074
101250205,岳塘,湖南省,湘潭市,27.8720,112.9694
101250206,湘潭县,湖南省,湘潭市,27.7789,112.9508
101250301,株洲,湖南省,株洲市,27.8358,113.1517
101250302,攸县,湖南省,株洲市,27.0152,113.3972
101250303,醴陵,湖南省,株洲市,27.6579,113.5072
101250304,荷塘,湖南省,株洲市,27.8330,113.1625
101250305,茶陵,湖南省,株洲市,26.7895,113.5465
101250306,炎陵,湖南省,株洲市,26.4895,113.7769
101250307,芦淞,湖南省,株洲市,27.8272,113.1552
101250308,石峰,湖南省,株洲市,27.8719,113.1130
101250309,天元,湖南省,株洲市,27.8267,113.0822
101250310,渌口,湖南省,株洲市,27.6994,113.1438
101250401,衡阳,湖南省,衡阳市,26.9004,112.6077
101250402,衡山,湖南省,衡阳市,27.2348,112.8697
101250403,衡东,湖南省,衡阳市,27.0835,112.9504
101250404,祁东,湖南省,衡阳市,26.7871,112.1112
101250405,衡阳县,湖南省,衡阳市,26.9624,112.3796
101250406,常宁,湖南省,衡阳市,26.4068,112.3968
101250407,衡南,湖南省,衡阳市,26.7400,112.6775
101250408,耒阳,湖南省,衡阳市,26.4142,112.8472
101250409,南岳,湖南省,衡阳市,27.2405,112.7341
101250410,珠晖,湖南省,衡阳市,26.8911,112.6263
101250411,雁峰,湖南省,衡阳市,26.8403,112.6139
101250412,石鼓,湖南省,衡阳市,26.9039,112.6076
101250413,蒸湘,湖南省,衡阳市,26.8909,112.5706
101250501,郴州,湖南省,郴州市,25.7936,113.0321
101250502,桂阳,湖南省,郴州市,25.7374,112.7345
101250503,嘉禾,湖南省,郴州市,25.5873,112.3706
101250504,宜章,湖南省,郴州市,25.3943,112.9479
101250505,临武,湖南省,郴州市,25.2791,112.5646
101250506,北湖,湖南省,郴州市,25.7846,113.0106
101250507,资兴,湖南省,郴州市,25.9742,113.2368
101250508,汝城,湖南省,郴州市,25.5538,113.6857
101250509,安仁,湖南省,郴州市,26.7086,113.2722
101250510,永兴,湖南省,郴州市,26.1294,113.1148
101250511,桂东,湖南省,郴州市,26.0739,113.9459
101250512,苏仙,湖南省,郴州市,25.7932,113.0387
101250601,常德,湖南省,常德市,29.0402,111.6913
101250602,安乡,湖南省,常德市,29.4145,112.1723
101250603,桃源,湖南省,常德市,28.9027,111.4845
101250604,汉寿,湖南省,常德市,28.9073,111.9685
101250605,澧县,湖南省,常德市,29.6426,111.7617
101250606,临澧,湖南省,常德市,29.4432,111.6456
101250607,石门,湖南省,常德市,29.5847,111.3791
101250608,津市,湖南省,常德市,29.6309,111.8796
101250609,武陵,湖南省,常德市,29.0405,111.6907
101250610,鼎城,湖南省,常德市,29.0144,111.6853
101250700,益阳,湖南省,益阳市,28.5701,112.3550
101250701,赫山区,湖南省,益阳市,28.5683,112.3609
101250702,南县,湖南省,益阳市,29.3722,112.4104
101250703,桃江,湖南省,益阳市,28.5210,112.1397
101250704,安化,湖南省,益阳市,28.3774,111.2218
101250705,沅江,湖南省,益阳市,28.8397,112.3611
101250706,资阳,湖南省,益阳市,28.5928,112.3308
101250801,娄底,湖南省,娄底市,27.7281,112.0085
101250802,双峰,湖南省,娄底市,27.4591,112.1982
101250803,冷水江,湖南省,娄底市,27.6858,111.4347
101250804,娄星,湖南省,娄底市,27.7266,112.0085
101250805,新化,湖南省,娄底市,27.7375,111.3067
101250806,涟源,湖南省,娄底市,27.6923,111.6708
101250901,邵阳,湖南省,邵阳市,27.2378,111.4692
101250902,隆回,湖南省,邵阳市,27.1160,111.0388
101250903,洞口,湖南省,邵阳市,27.0623,110.5792
101250904,新邵,湖南省,邵阳市,27.3114,111.4598
101250905,邵东,湖南省,邵阳市,27.2573,111.7432
101250906,绥宁,湖南省,邵阳市,26.5806,110.1551
101250907,新宁,湖南省,邵阳市,26.4389,110.8591
101250908,武冈,湖南省,邵阳市,26.7321,110.6368
101250909,城步,湖南省,邵阳市,26.3636,110.3132
101250910,邵阳县,湖南省,邵阳市,26.9897,111.2757
101250911,双清,湖南省,邵阳市,27.2400,111.4798
101250912,大祥,湖南省,邵阳市,27.2336,111.4630
101250913,北塔,湖南省,邵阳市,27.2457,111.4523
101251001,岳阳,湖南省,岳阳市,29.3703,113.1329
101251002,华容,湖南省,岳阳市,29.5241,112.5594
101251003,湘阴,湖南省,岳阳市,28.6775,112.8897
101251004,汨罗,湖南省,岳阳市,28.8031,113.0794
101251005,平江,湖南省,岳阳市,28.7015,113.5938
101251006,临湘,湖南省,岳阳市,29.4716,113.4508
101251007,岳阳楼区,湖南省,岳阳市,29.3668,113.1208
101251008,云溪,湖南省,岳阳市,29.4734,113.2739
101251009,君山,湖南省,岳阳市,29.4381,113.0041
101251010,岳阳县,湖南省,岳阳市,29.1441,113.1164
101251101,张家界,湖南省,张家界市,29.1274,110.4799
101251102,桑植,湖南省,张家界市,29.3999,110.1640
101251103,慈利,湖南省,张家界市,29.4239,111.1327
101251104,武陵源,湖南省,张家界市,29.3478,110.5476
101251105,永定,湖南省,张家界市,29.1260,110.4846
101251201,怀化,湖南省,怀化市,27.5501,109.9782
101251202,鹤城,湖南省,怀化市,27.5786,110.0401
101251203,沅陵,湖南省,怀化市,28.4556,110.3992
101251204,辰溪,湖南省,怀化市,28.0055,110.1970
101251205,靖州,湖南省,怀化市,26.5735,109.6912
101251206,会同,湖南省,怀化市,26.8708,109.7208
101251207,通道,湖南省,怀化市,26.1583,109.7834
101251208,麻阳,湖南省,怀化市,27.8660,109.8028
101251209,新晃,湖南省,怀化市,27.3599,109.1744
101251210,芷江,湖南省,怀化市,27.4380,109.6878
101251211,溆浦,湖南省,怀化市,27.9038,110.5934
101251212,中方,湖南省,怀化市,27.4374,109.9481
101251213,洪江,湖南省,怀化市,27.2019,109.8318
101251401,永州,湖南省,永州市,26.4345,111.6080
101251402,祁阳,湖南省,永州市,26.5859,111.8573
101251403,东安,湖南省,永州市,26.3973,111.3130
101251404,双牌,湖南省,永州市,25.9594,111.6621
101251405,道县,湖南省,永州市,25.5184,111.5916
101251406,宁远,湖南省,永州市,25.5841,111.9445
101251407,江永,湖南省,永州市,25.2682,111.3468
101251408,蓝山,湖南省,永州市,25.3753,112.1942
101251409,新田,湖南省,永州市,25.9069,112.2203
101251410,江华,湖南省,永州市,25.1826,111.5773
101251411,冷水滩,湖南省,永州市,26.4344,111.6072
101251412,零陵,湖南省,永州市,26.2233,111.6264
101251501,吉首,湖南省,湘西土家族苗族自治州,28.2620,109.6984
101251502,保靖,湖南省,湘西土家族苗族自治州,28.7096,109.6514
101251503,永顺,湖南省,湘西土家族苗族自治州,28.9981,109.8533
101251504,古丈,湖南省,湘西土家族苗族自治州,28.6170,109.9496
101251505,凤凰,湖南省,湘西土家族苗族自治州,27.9483,109.5992
101251506,泸溪,湖南省,湘西土家族苗族自治州,28.2145,110.2144
101251507,龙山,湖南省,湘西土家族苗族自治州,29.4534,109.4412
101251508,花垣,湖南省,湘西土家族苗族自治州,28.5814,109.4791
101251509,湘西,湖南省,湘西土家族苗族自治州,28.3143,109.7397
101260101,贵阳,贵州省,贵阳市,26.6467,106.6282
101260102,白云,贵州省,贵阳市,26.6768,106.6330
101260103,花溪,贵州省,贵阳市,26.4105,106.6708
101260104,乌当,贵州省,贵阳市,26.6309,106.7621
101260105,息烽,贵州省,贵阳市,27.0927,106.7377
101260106,开阳,贵州省,贵阳市,27.0568,106.9694
101260107,修文,贵州省,贵阳市,26.8407,106.5992
101260108,清镇,贵州省,贵阳市,26.5513,106.4703
101260110,云岩,贵州省,贵阳市,26.5830,106.7134
101260111,南明,贵州省,贵阳市,26.5737,106.7160
101260112,观山湖,贵州省,贵阳市,26.6464,106.6263
101260201,遵义,贵州省,遵义市,27.7219,107.0319
101260203,仁怀,贵州省,遵义市,27.8034,106.4125
101260204,绥阳,贵州省,遵义市,27.9513,107.1910
101260205,湄潭,贵州省,遵义市,27.7658,107.4857
101260206,凤冈,贵州省,遵义市,27.9609,107.7220
101260207,桐梓,贵州省,遵义市,28.1316,106.8266
101260208,赤水,贵州省,遵义市,28.5871,105.6981
101260209,习水,贵州省,遵义市,28.3278,106.2010
101260210,道真,贵州省,遵义市,28.8801,107.6053
101260211,正安,贵州省,遵义市,28.5503,107.4419
101260212,务川,贵州省,遵义市,28.5216,107.8879
101260213,余庆,贵州省,遵义市,27.2216,107.8926
101260214,汇川,贵州省,遵义市,27.7501,106.9343
101260215,红花岗,贵州省,遵义市,27.6448,106.8936
101260216,播州,贵州省,遵义市,27.5353,106.8317
101260301,安顺,贵州省,安顺市,26.2455,105.9322
101260302,普定,贵州省,安顺市,26.3058,105.7456
101260303,镇宁,贵州省,安顺市,26.0561,105.7687
101260304,平坝,贵州省,安顺市,26.4061,106.2599
101260305,紫云,贵州省,安顺市,25.7516,106.0845
101260306,关岭,贵州省,安顺市,25.9535,105.5383
101260307,西秀,贵州省,安顺市,26.2483,105.9462
101260401,都匀,贵州省,黔南布依族苗族自治州,26.2582,107.5170
101260402,贵定,贵州省,黔南布依族苗族自治州,26.5808,107.2336
101260403,瓮安,贵州省,黔南布依族苗族自治州,27.0663,107.4784
101260404,长顺,贵州省,黔南布依族苗族自治州,26.0221,106.4474
101260405,福泉,贵州省,黔南布依族苗族自治州,26.7025,107.5135
101260406,惠水,贵州省,黔南布依族苗族自治州,26.1286,106.6578
101260407,龙里,贵州省,黔南布依族苗族自治州,26.4488,106.9777
101260408,罗甸,贵州省,黔南布依族苗族自治州,25.4299,106.7500
101260409,平塘,贵州省,黔南布依族苗族自治州,25.8318,107.3241
101260410,独山,贵州省,黔南布依族苗族自治州,25.8263,107.5428
101260411,三都,贵州省,黔南布依族苗族自治州,25.9852,107.8775
101260412,荔波,贵州省,黔南布依族苗族自治州,25.4122,107.8838
101260413,黔南,贵州省,黔南布依族苗族自治州,26.2582,107.5172
101260501,凯里,贵州省,黔东南苗族侗族自治州,26.5830,107.9775
101260502,岑巩,贵州省,黔东南苗族侗族自治州,27.1741,108.8159
101260503,施秉,贵州省,黔东南苗族侗族自治州,27.0347,108.1268
101260504,镇远,贵州省,黔东南苗族侗族自治州,27.0502,108.4237
101260505,黄平,贵州省,黔东南苗族侗族自治州,26.8970,107.9013
101260506,黔东南,贵州省,黔东南苗族侗族自治州,26.5834,107.9775
101260507,麻江,贵州省,黔东南苗族侗族自治州,26.4948,107.5932
101260508,丹寨,贵州省,黔东南苗族侗族自治州,26.1995,107.7948
101260509,三穗,贵州省,黔东南苗族侗族自治州,26.9599,108.6811
101260510,台江,贵州省,黔东南苗族侗族自治州,26.6691,108.3146
101260511,剑河,贵州省,黔东南苗族侗族自治州,26.7273,108.4405
101260512,雷山,贵州省,黔东南苗族侗族自治州,26.3810,108.0796
101260513,黎平,贵州省,黔东南苗族侗族自治州,26.2306,109.1365
101260514,天柱,贵州省,黔东南苗族侗族自治州,26.9097,109.2128
101260515,锦屏,贵州省,黔东南苗族侗族自治州,26.6806,109.2025
101260516,榕江,贵州省,黔东南苗族侗族自治州,25.9311,108.5210
101260517,从江,贵州省,黔东南苗族侗族自治州,25.7471,108.9127
101260601,铜仁,贵州省,铜仁市,27.7183,109.1916
101260602,江口,贵州省,铜仁市,27.6919,108.8484
101260603,玉屏,贵州省,铜仁市,27.2380,108.9179
101260604,万山,贵州省,铜仁市,27.6713,109.1537
101260605,思南,贵州省,铜仁市,27.9413,108.2558
101260606,碧江,贵州省,铜仁市,27.8152,109.2643
101260607,印江,贵州省,铜仁市,27.9980,108.4055
101260608,石阡,贵州省,铜仁市,27.5194,108.2299
101260609,沿河,贵州省,铜仁市,28.5605,108.4957
101260610,德江,贵州省,铜仁市,28.2609,108.1173
101260611,松桃,贵州省,铜仁市,28.1654,109.2026
101260701,毕节,贵州省,毕节市,27.3017,105.2850
101260702,赫章,贵州省,毕节市,27.1192,104.7264
101260703,金沙,贵州省,毕节市,27.4597,106.2221
101260704,威宁,贵州省,毕节市,26.8591,104.2865
101260705,大方,贵州省,毕节市,27.1435,105.6093
101260706,纳雍,贵州省,毕节市,26.7699,105.3753
101260707,织金,贵州省,毕节市,26.6685,105.7690
101260708,黔西,贵州省,毕节市,27.0249,106.0383
101260709,七星关,贵州省,毕节市,27.3021,105.2849
101260801,水城,贵州省,六盘水市,26.5405,104.9568
101260802,六枝,贵州省,六盘水市,26.2107,105.4742
101260803,六盘水,贵州省,六盘水市,26.5846,104.8467
101260804,盘州,贵州省,六盘水市,25.7070,104.4684
101260805,钟山,贵州省,六盘水市,26.5848,104.8462
101260901,兴义,贵州省,黔西南布依族苗族自治州,25.0886,104.8980
101260902,晴隆,贵州省,黔西南布依族苗族自治州,25.8329,105.2188
101260903,兴仁,贵州省,黔西南布依族苗族自治州,25.4314,105.1928
101260904,贞丰,贵州省,黔西南布依族苗族自治州,25.3858,105.6501
101260905,望谟,贵州省,黔西南布依族苗族自治州,25.1667,106.0916
101260906,黔西南,贵州省,黔西南布依族苗族自治州,25.0881,104.8980
101260907,安龙,贵州省,黔西南布依族苗族自治州,25.1090,105.4715
101260908,册亨,贵州省,黔西南布依族苗族自治州,24.9833,105.8124
101260909,普安,贵州省,黔西南布依族苗族自治州,25.7864,104.9553
101270101,成都,四川省,成都市,30.5730,104.0663
101270102,龙泉驿,四川省,成都市,30.5607,104.2692
101270103,新都,四川省,成都市,30.8242,104.1602
101270104,温江,四川省,成都市,30.6980,103.8368
101270105,金堂,四川省,成都市,30.8584,104.4156
101270106,双流,四川省,成都市,30.5732,103.9227
101270107,郫都,四川省,成都市,30.8088,103.8878
101270108,大邑,四川省,成都市,30.5866,103.5224
101270109,蒲江,四川省,成都市,30.1944,103.5115
101270110,新津,四川省,成都市,30.4143,103.8124
101270111,都江堰,四川省,成都市,30.9911,103.6279
101270112,彭州,四川省,成都市,30.9852,103.9412
101270113,邛崃,四川省,成都市,30.4133,103.4614
101270114,崇州,四川省,成都市,30.6315,103.6711
101270115,青白江,四川省,成都市,30.8834,104.2549
101270116,锦江,四川省,成都市,30.5987,104.1173
101270117,青羊,四川省,成都市,30.6676,104.0557
101270118,金牛,四川省,成都市,30.6921,104.0435
101270119,武侯,四川省,成都市,30.6309,104.0517
101270120,成华,四川省,成都市,30.6603,104.1031
101270121,简阳,四川省,成都市,30.3907,104.5503
101270201,攀枝花,四川省,攀枝花市,26.5804,101.7160
101270202,仁和,四川省,攀枝花市,26.4972,101.7379
101270203,米易,四川省,攀枝花市,26.8875,102.1099
101270204,盐边,四川省,攀枝花市,26.6776,101.8518
101270205,东区,四川省,攀枝花市,26.5809,101.7151
101270206,西区,四川省,攀枝花市,26.5968,101.6380
101270301,自贡,四川省,自贡市,29.3528,104.7734
101270302,富顺,四川省,自贡市,29.1813,104.9843
101270303,荣县,四川省,自贡市,29.4549,104.4239
101270304,自流井,四川省,自贡市,29.3432,104.7782
101270305,贡井,四川省,自贡市,29.3457,104.7144
101270306,大安,四川省,自贡市,29.3671,104.7832
101270307,沿滩,四川省,自贡市,29.2725,104.8764
101270401,绵阳,四川省,绵阳市,31.4677,104.6791
101270402,三台,四川省,绵阳市,31.0909,105.0903
101270403,盐亭,四川省,绵阳市,31.2232,105.3920
101270405,梓潼,四川省,绵阳市,31.6352,105.1635
101270406,北川,四川省,绵阳市,31.6159,104.4681
101270407,平武,四川省,绵阳市,32.4076,104.5306
101270408,江油,四川省,绵阳市,31.7764,104.7444
101270409,涪城,四川省,绵阳市,31.4636,104.7410
101270410,游仙,四川省,绵阳市,31.4848,104.7700
101270411,安州,四川省,绵阳市,31.5389,104.5603
101270501,南充,四川省,南充市,30.8372,106.1106
101270502,南部,四川省,南充市,31.3494,106.0611
101270503,营山,四川省,南充市,31.0759,106.5649
101270504,蓬安,四川省,南充市,31.0280,106.4135
101270505,仪陇,四川省,南充市,31.2713,106.2971
101270506,西充,四川省,南充市,30.9946,105.8930
101270507,阆中,四川省,南充市,31.5805,105.9753
101270508,顺庆,四川省,南充市,30.7956,106.0841
101270509,高坪,四川省,南充市,30.7818,106.1090
101270510,嘉陵,四川省,南充市,30.7630,106.0670
101270601,达州,四川省,达州市,31.2095,107.5023
101270602,宣汉,四川省,达州市,31.3550,107.7223
101270603,开江,四川省,达州市,31.0855,107.8641
101270604,大竹,四川省,达州市,30.7363,107.2074
101270605,渠县,四川省,达州市,30.8363,106.9707
101270606,万源,四川省,达州市,32.0678,108.0375
101270607,通川,四川省,达州市,31.2135,107.5011
101270608,达川,四川省,达州市,31.1991,107.5079
101270701,遂宁,四川省,遂宁市,30.5133,105.5713
101270702,蓬溪,四川省,遂宁市,30.7749,105.7137
101270703,射洪,四川省,遂宁市,30.8688,105.3819
101270704,船山,四川省,遂宁市,30.5026,105.5822
101270705,安居,四川省,遂宁市,30.3461,105.4594
101270706,大英,四川省,遂宁市,30.5816,105.2522
101270801,广安,四川省,广安市,30.4564,106.6334
101270802,岳池,四川省,广安市,30.5335,106.4445
101270803,武胜,四川省,广安市,30.3443,106.2925
101270804,邻水,四川省,广安市,30.3343,106.9350
101270805,华蓥,四川省,广安市,30.3806,106.7779
101270806,前锋,四川省,广安市,30.4963,106.8933
101270807,广安区,四川省,广安市,30.4740,106.6416
101270901,巴中,四川省,巴中市,31.8588,106.7537
101270902,通江,四川省,巴中市,31.9121,107.2476
101270903,南江,四川省,巴中市,32.3532,106.8434
101270904,平昌,四川省,巴中市,31.5628,107.1019
101270905,巴州,四川省,巴中市,31.8584,106.7537
101270906,恩阳,四川省,巴中市,31.7872,106.6544
101271001,泸州,四川省,泸州市,28.8891,105.4434
101271002,江阳,四川省,泸州市,28.8829,105.4451
101271003,泸县,四川省,泸州市,29.1513,105.3763
101271004,合江,四川省,泸州市,28.8103,105.8341
101271005,叙永,四川省,泸州市,28.1679,105.4378
101271006,古蔺,四川省,泸州市,28.0395,105.8134
101271007,纳溪,四川省,泸州市,28.7763,105.3772
101271008,龙马潭,四川省,泸州市,28.8976,105.4352
101271101,宜宾,四川省,宜宾市,28.7602,104.6308
101271102,翠屏,四川省,宜宾市,28.7665,104.6199
101271103,叙州区,四川省,宜宾市,28.6957,104.5415
101271104,南溪,四川省,宜宾市,28.8398,104.9811
101271105,江安,四川省,宜宾市,28.7281,105.0687
101271106,长宁,四川省,宜宾市,28.5773,104.9211
101271107,高县,四川省,宜宾市,28.4357,104.5192
101271108,珙县,四川省,宜宾市,28.4490,104.7123
101271109,筠连,四川省,宜宾市,28.1620,104.5079
101271110,兴文,四川省,宜宾市,28.3030,105.2365
101271111,屏山,四川省,宜宾市,28.8287,104.3461
101271201,内江,四川省,内江市,29.5871,105.0661
101271202,东兴,四川省,内江市,29.6001,105.0672
101271203,威远,四川省,内江市,29.5269,104.6683
101271204,资中,四川省,内江市,29.7753,104.8525
101271205,隆昌,四川省,内江市,29.3382,105.2881
101271206,市中,四川省,内江市,29.5853,105.0655
101271301,资阳,四川省,资阳市,30.1222,104.6419
101271302,安岳,四川省,资阳市,30.0992,105.3368
101271303,乐至,四川省,资阳市,30.2756,105.0311
101271305,雁江,四川省,资阳市,30.1217,104.6423
101271401,乐山,四川省,乐山市,29.5820,103.7613
101271402,犍为,四川省,乐山市,29.2098,103.9443
101271403,井研,四川省,乐山市,29.6516,104.0688
101271404,夹江,四川省,乐山市,29.7410,103.5789
101271405,沐川,四川省,乐山市,28.9563,103.9021
101271406,峨边,四川省,乐山市,29.2303,103.2621
101271407,马边,四川省,乐山市,28.8389,103.5469
101271410,市中,四川省,乐山市,29.5883,103.7554
101271411,沙湾,四川省,乐山市,29.4165,103.5500
101271412,五通桥,四川省,乐山市,29.4062,103.8168
101271413,金口河,四川省,乐山市,29.2460,103.0778
101271414,峨眉山市,四川省,乐山市,29.6012,103.4845
101271501,眉山,四川省,眉山市,30.0483,103.8318
101271502,仁寿,四川省,眉山市,29.9967,104.1476
101271503,彭山,四川省,眉山市,30.1923,103.8701
101271504,洪雅,四川省,眉山市,29.9049,103.3750
101271505,丹棱,四川省,眉山市,30.0128,103.5183
101271506,青神,四川省,眉山市,29.8315,103.8461
101271507,东坡,四川省,眉山市,30.0481,103.8316
101271601,凉山,四川省,凉山彝族自治州,27.8868,102.2587
101271603,木里,四川省,凉山彝族自治州,27.9269,101.2802
101271604,盐源,四川省,凉山彝族自治州,27.4234,101.5089
101271605,德昌,四川省,凉山彝族自治州,27.4038,102.1788
101271606,会理,四川省,凉山彝族自治州,26.6587,102.2496
101271607,会东,四川省,凉山彝族自治州,26.6307,102.5790
101271608,宁南,四川省,凉山彝族自治州,27.0652,102.7574
101271609,普格,四川省,凉山彝族自治州,27.3768,102.5411
101271610,西昌,四川省,凉山彝族自治州,27.8858,102.2588
101271611,金阳,四川省,凉山彝族自治州,27.6959,103.2487
101271612,昭觉,四川省,凉山彝族自治州,28.0106,102.8440
101271613,喜德,四川省,凉山彝族自治州,28.3055,102.4123
101271614,冕宁,四川省,凉山彝族自治州,28.5508,102.1700
101271615,越西,四川省,凉山彝族自治州,28.6396,102.5089
101271616,甘洛,四川省,凉山彝族自治州,28.9771,102.7759
101271617,雷波,四川省,凉山彝族自治州,28.2629,103.5716
101271618,美姑,四川省,凉山彝族自治州,28.3279,103.1320
101271619,布拖,四川省,凉山彝族自治州,27.7091,102.8088
101271701,雅安,四川省,雅安市,29.9877,103.0010
101271702,名山,四川省,雅安市,30.0847,103.1122
101271703,荥经,四川省,雅安市,29.7955,102.8447
101271704,汉源,四川省,雅安市,29.3499,102.6771
101271705,石棉,四川省,雅安市,29.2341,102.3596
101271706,天全,四川省,雅安市,30.0600,102.7635
101271707,芦山,四川省,雅安市,30.1529,102.9240
101271708,宝兴,四川省,雅安市,30.3690,102.8134
101271709,雨城,四川省,雅安市,29.9818,103.0034
101271801,甘孜,四川省,甘孜藏族自治州,30.0507,101.9638
101271802,康定,四川省,甘孜藏族自治州,29.9985,101.9569
101271803,泸定,四川省,甘孜藏族自治州,29.9125,102.2332
101271804,丹巴,四川省,甘孜藏族自治州,30.8771,101.8861
101271805,九龙,四川省,甘孜藏族自治州,29.0020,101.5069
101271806,雅江,四川省,甘孜藏族自治州,30.0322,101.0157
101271807,道孚,四川省,甘孜藏族自治州,30.9788,101.1233
101271808,炉霍,四川省,甘孜藏族自治州,31.3927,100.6795
101271809,新龙,四川省,甘孜藏族自治州,30.9390,100.3121
101271810,德格,四川省,甘孜藏族自治州,31.8067,98.5800
101271811,白玉,四川省,甘孜藏族自治州,31.2088,98.8243
101271812,石渠,四川省,甘孜藏族自治州,32.9753,98.1009
101271813,色达,四川省,甘孜藏族自治州,32.2688,100.3317
101271814,理塘,四川省,甘孜藏族自治州,29.9918,100.2699
101271815,巴塘,四川省,甘孜藏族自治州,30.0057,99.1090
101271816,乡城,四川省,甘孜藏族自治州,28.9309,99.7999
101271817,稻城,四川省,甘孜藏族自治州,29.0375,100.2967
101271818,得荣,四川省,甘孜藏族自治州,28.7113,99.2880
101271819,甘孜县,四川省,甘孜藏族自治州,31.6227,99.9917
101271901,阿坝,四川省,阿坝藏族羌族自治州,31.8998,102.2214
101271902,汶川,四川省,阿坝藏族羌族自治州,31.4746,103.5807
101271903,理县,四川省,阿坝藏族羌族自治州,31.4368,103.1655
101271904,茂县,四川省,阿坝藏族羌族自治州,31.6804,103.8507
101271905,松潘,四川省,阿坝藏族羌族自治州,32.6384,103.5992
101271906,九寨沟,四川省,阿坝藏族羌族自治州,33.2621,104.2363
101271907,金川,四川省,阿坝藏族羌族自治州,31.4764,102.0646
101271908,小金,四川省,阿坝藏族羌族自治州,30.9990,102.3632
101271909,黑水,四川省,阿坝藏族羌族自治州,32.0617,102.9908
101271910,马尔康,四川省,阿坝藏族羌族自治州,31.8998,102.2212
101271911,壤塘,四川省,阿坝藏族羌族自治州,32.2649,100.9791
101271912,若尔盖,四川省,阿坝藏族羌族自治州,33.5759,102.9637
101271913,红原,四川省,阿坝藏族羌族自治州,32.7939,102.5449
101271914,阿坝县,四川省,阿坝藏族羌族自治州,32.9024,101.7065
101272001,德阳,四川省,德阳市,31.1280,104.3987
101272002,中江,四川省,德阳市,31.0368,104.6778
101272003,广汉,四川省,德阳市,30.9772,104.2819
101272004,什邡,四川省,德阳市,31.1269,104.1737
101272005,绵竹,四川省,德阳市,31.3431,104.2002
101272006,罗江,四川省,德阳市,31.3033,104.5071
101272007,旌阳,四川省,德阳市,31.1304,104.3896
101272101,广元,四川省,广元市,32.4337,105.8298
101272102,旺苍,四川省,广元市,32.2283,106.2904
101272103,青川,四川省,广元市,32.5857,105.2388
101272104,剑阁,四川省,广元市,32.2865,105.5270
101272105,苍溪,四川省,广元市,31.7323,105.9397
101272106,利州,四川省,广元市,32.4323,105.8262
101272107,昭化,四川省,广元市,32.3228,105.9641
101272108,朝天,四川省,广元市,32.6426,105.8892
101280101,广州,广东省,广州市,23.1252,113.2806
101280102,番禺,广东省,广州市,22.9386,113.3646
101280103,从化,广东省,广州市,23.5453,113.5874
101280104,增城,广东省,广州市,23.2905,113.8296
101280105,花都,广东省,广州市,23.3921,113.2112
101280106,荔湾,广东省,广州市,23.1249,113.2430
101280107,越秀,广东省,广州市,23.1256,113.2807
101280108,海珠,广东省,广州市,23.0840,113.3174
101280109,天河,广东省,广州市,23.1356,113.3354
101280110,白云,广东省,广州市,23.1623,113.2628
101280111,黄埔,广东省,广州市,23.1814,113.4806
101280112,南沙,广东省,广州市,22.7945,113.5374
101280201,韶关,广东省,韶关市,24.8013,113.5915
101280202,乳源,广东省,韶关市,24.7761,113.2784
101280203,始兴,广东省,韶关市,24.9484,114.0672
101280204,翁源,广东省,韶关市,24.3539,114.1313
101280205,乐昌,广东省,韶关市,25.1284,113.3524
101280206,仁化,广东省,韶关市,25.0882,113.7486
101280207,南雄,广东省,韶关市,25.1153,114.3112
101280208,新丰,广东省,韶关市,24.0554,114.2070
101280209,曲江,广东省,韶关市,24.6802,113.6056
101280210,浈江,广东省,韶关市,24.8040,113.5992
101280211,武江,广东省,韶关市,24.8002,113.5883
101280301,惠州,广东省,惠州市,23.0794,114.4126
101280302,博罗,广东省,惠州市,23.1676,114.2843
101280303,惠阳,广东省,惠州市,22.7885,114.4694
101280304,惠东,广东省,惠州市,22.9830,114.7231
101280305,龙门,广东省,惠州市,23.7239,114.2600
101280306,惠城,广东省,惠州市,23.0799,114.4140
101280401,梅州,广东省,梅州市,24.2991,116.1176
101280402,兴宁,广东省,梅州市,24.1381,115.7317
101280403,蕉岭,广东省,梅州市,24.6533,116.1705
101280404,大埔,广东省,梅州市,24.3516,116.6955
101280405,梅江,广东省,梅州市,24.3026,116.1212
101280406,丰顺,广东省,梅州市,23.7528,116.1844
101280407,平远,广东省,梅州市,24.5697,115.8917
101280408,五华,广东省,梅州市,23.9254,115.7750
101280409,梅县,广东省,梅州市,24.2678,116.0835
101280501,汕头,广东省,汕头市,23.3710,116.7085
101280502,潮阳,广东省,汕头市,23.2623,116.6026
101280503,澄海,广东省,汕头市,23.4684,116.7634
101280504,南澳,广东省,汕头市,23.4196,117.0271
101280505,龙湖,广东省,汕头市,23.3738,116.7320
101280506,金平,广东省,汕头市,23.3671,116.7036
101280507,濠江,广东省,汕头市,23.2793,116.7295
101280508,潮南,广东省,汕头市,23.2498,116.4236
101280601,深圳,广东省,深圳市,22.5470,114.0859
101280602,罗湖,广东省,深圳市,22.5553,114.1239
101280603,福田,广东省,深圳市,22.5410,114.0510
101280604,南山,广东省,深圳市,22.5312,113.9294
101280605,宝安,广东省,深圳市,22.5601,113.9010
101280606,龙岗,广东省,深圳市,22.7215,114.2514
101280607,盐田,广东省,深圳市,22.5551,114.2354
101280608,龙华,广东省,深圳市,22.6967,114.0454
101280609,坪山,广东省,深圳市,22.6898,114.3482
101280610,光明,广东省,深圳市,22.7488,113.9361
101280701,珠海,广东省,珠海市,22.2716,113.5769
101280702,斗门,广东省,珠海市,22.2091,113.2977
101280703,金湾,广东省,珠海市,22.1391,113.3451
101280704,香洲,广东省,珠海市,22.2713,113.5503
101280800,佛山,广东省,佛山市,23.0288,113.1227
101280801,顺德,广东省,佛山市,22.8054,113.2932
101280802,三水,广东省,佛山市,23.1650,112.8994
101280803,南海,广东省,佛山市,23.0316,113.1456
101280804,高明,广东省,佛山市,22.8939,112.8821
101280805,禅城,广东省,佛山市,23.0196,113.1124
101280901,肇庆,广东省,肇庆市,23.0515,112.4725
101280902,广宁,广东省,肇庆市,23.6315,112.4404
101280903,四会,广东省,肇庆市,23.3403,112.6950
101280904,端州,广东省,肇庆市,23.0527,112.4723
101280905,德庆,广东省,肇庆市,23.1417,111.7816
101280906,怀集,广东省,肇庆市,23.9131,112.1825
101280907,封开,广东省,肇庆市,23.4347,111.5030
101280908,高要,广东省,肇庆市,23.0277,112.4608
101280909,鼎湖,广东省,肇庆市,23.1558,112.5652
101281001,湛江,广东省,湛江市,21.2749,110.3650
101281002,吴川,广东省,湛江市,21.4285,110.7805
101281003,雷州,广东省,湛江市,20.9085,110.0883
101281004,徐闻,广东省,湛江市,20.3261,110.1757
101281005,廉江,广东省,湛江市,21.6113,110.2850
101281006,赤坎,广东省,湛江市,21.2734,110.3616
101281007,遂溪,广东省,湛江市,21.3769,110.2553
101281008,坡头,广东省,湛江市,21.2444,110.4556
101281009,霞山,广东省,湛江市,21.1942,110.4064
101281010,麻章,广东省,湛江市,21.2660,110.3292
101281101,江门,广东省,江门市,22.5904,113.0949
101281103,开平,广东省,江门市,22.3663,112.6923
101281104,新会,广东省,江门市,22.4585,113.0345
101281105,恩平,广东省,江门市,22.1830,112.3140
101281106,台山,广东省,江门市,22.2507,112.7934
101281107,蓬江,广东省,江门市,22.5968,113.0786
101281108,鹤山,广东省,江门市,22.7681,112.9618
101281109,江海,广东省,江门市,22.5722,113.1206
101281201,河源,广东省,河源市,23.7463,114.6978
101281202,紫金,广东省,河源市,23.6337,115.1844
101281203,连平,广东省,河源市,24.3642,114.4959
101281204,和平,广东省,河源市,24.4432,114.9415
101281205,龙川,广东省,河源市,24.1012,115.2564
101281206,东源,广东省,河源市,23.7891,114.7427
101281207,源城,广东省,河源市,23.7463,114.6968
101281301,清远,广东省,清远市,23.6850,113.0512
101281302,连南,广东省,清远市,24.7191,112.2908
101281303,连州,广东省,清远市,24.7840,112.3793
101281304,连山,广东省,清远市,24.5673,112.0866
101281305,阳山,广东省,清远市,24.4703,112.6340
101281306,佛冈,广东省,清远市,23.8667,113.5341
101281307,英德,广东省,清远市,24.1861,113.4054
101281308,清新,广东省,清远市,23.7370,113.0152
101281309,清城,广东省,清远市,23.6890,113.0487
101281401,云浮,广东省,云浮市,22.9298,112.0444
101281402,罗定,广东省,云浮市,22.7654,111.5782
101281403,新兴,广东省,云浮市,22.7032,112.2308
101281404,郁南,广东省,云浮市,23.2377,111.5359
101281405,云城,广东省,云浮市,22.9308,112.0447
101281406,云安,广东省,云浮市,23.0732,112.0056
101281501,潮州,广东省,潮州市,23.6617,116.6323
101281502,饶平,广东省,潮州市,23.6682,117.0021
101281503,潮安,广东省,潮州市,23.4610,116.6793
101281504,湘桥,广东省,潮州市,23.6647,116.6337
101281601,东莞,广东省,东莞市,23.0462,113.7463
101281701,中山,广东省,中山市,22.5211,113.3824
101281801,阳江,广东省,阳江市,21.8592,111.9751
101281802,阳春,广东省,阳江市,22.1696,111.7905
101281803,阳东,广东省,阳江市,21.8647,112.0113
101281804,阳西,广东省,阳江市,21.7537,111.6176
101281805,江城,广东省,阳江市,21.8592,111.9689
101281901,揭阳,广东省,揭阳市,23.5438,116.3557
101281902,揭西,广东省,揭阳市,23.4273,115.8387
101281903,普宁,广东省,揭阳市,23.2979,116.1651
101281904,惠来,广东省,揭阳市,23.0298,116.2958
101281905,揭东,广东省,揭阳市,23.5699,116.4129
101281906,榕城,广东省,揭阳市,23.5355,116.3570
101282001,茂名,广东省,茂名市,21.6598,110.9192
101282002,高州,广东省,茂名市,21.9152,110.8532
101282003,化州,广东省,茂名市,21.6550,110.6384
101282004,电白,广东省,茂名市,21.5072,111.0073
101282005,信宜,广东省,茂名市,22.3527,110.9417
101282007,茂南,广东省,茂名市,21.6604,110.9205
101282101,汕尾,广东省,汕尾市,22.7745,115.3642
101282102,海丰,广东省,汕尾市,22.9710,115.3373
101282103,陆丰,广东省,汕尾市,22.9461,115.6442
101282104,陆河,广东省,汕尾市,23.3027,115.6576
101282105,城区,广东省,汕尾市,22.7787,115.3650
101290101,昆明,云南省,昆明市,24.8815,102.8337
101290102,五华,云南省,昆明市,25.0422,102.7044
101290103,东川,云南省,昆明市,26.0835,103.1820
101290104,寻甸,云南省,昆明市,25.5595,103.2576
101290105,晋宁,云南省,昆明市,24.6669,102.5950
101290106,宜良,云南省,昆明市,24.9182,103.1460
101290107,石林,云南省,昆明市,24.7545,103.2720
101290108,呈贡,云南省,昆明市,24.8893,102.8014
101290109,富民,云南省,昆明市,25.2197,102.4979
101290110,嵩明,云南省,昆明市,25.3351,103.0388
101290111,禄劝,云南省,昆明市,25.5565,102.4690
101290112,安宁,云南省,昆明市,24.9218,102.4855
101290114,盘龙,云南省,昆明市,25.1165,102.7516
101290115,官渡,云南省,昆明市,24.9503,102.7489
101290116,西山,云南省,昆明市,25.0244,102.7059
101290201,大理州,云南省,大理白族自治州,25.5895,100.2257
101290202,云龙,云南省,大理白族自治州,25.8850,99.3694
101290203,漾濞,云南省,大理白族自治州,25.6695,99.9580
101290204,永平,云南省,大理白族自治州,25.4613,99.5335
101290205,宾川,云南省,大理白族自治州,25.8259,100.5790
101290206,弥渡,云南省,大理白族自治州,25.3426,100.4907
101290207,祥云,云南省,大理白族自治州,25.4771,100.5540
101290208,巍山,云南省,大理白族自治州,25.2309,100.3079
101290209,剑川,云南省,大理白族自治州,26.5301,99.9059
101290210,洱源,云南省,大理白族自治州,26.1112,99.9517
101290211,鹤庆,云南省,大理白族自治州,26.5584,100.1734
101290212,南涧,云南省,大理白族自治州,25.0413,100.5187
101290213,大理市,云南省,大理白族自治州,25.6785,100.3016
101290301,红河,云南省,红河哈尼族彝族自治州,23.3668,103.3842
101290302,石屏,云南省,红河哈尼族彝族自治州,23.7126,102.4845
101290303,建水,云南省,红河哈尼族彝族自治州,23.6184,102.8205
101290304,弥勒,云南省,红河哈尼族彝族自治州,24.4084,103.4370
101290305,元阳,云南省,红河哈尼族彝族自治州,23.2198,102.8371
101290306,绿春,云南省,红河哈尼族彝族自治州,22.9935,102.3929
101290307,开远,云南省,红河哈尼族彝族自治州,23.7138,103.2587
101290308,个旧,云南省,红河哈尼族彝族自治州,23.3604,103.1548
101290309,蒙自,云南省,红河哈尼族彝族自治州,23.3668,103.3850
101290310,屏边,云南省,红河哈尼族彝族自治州,22.9870,103.6872
101290311,泸西,云南省,红河哈尼族彝族自治州,24.5324,103.7596
101290312,金平,云南省,红河哈尼族彝族自治州,22.7800,103.2284
101290313,河口,云南省,红河哈尼族彝族自治州,22.5076,103.9616
101290314,红河县,云南省,红河哈尼族彝族自治州,23.3689,102.4206
101290401,曲靖,云南省,曲靖市,25.5016,103.7979
101290402,沾益,云南省,曲靖市,25.6009,103.8193
101290403,陆良,云南省,曲靖市,25.0229,103.6552
101290404,富源,云南省,曲靖市,25.6706,104.2569
101290405,马龙,云南省,曲靖市,25.4295,103.5788
101290406,师宗,云南省,曲靖市,24.8257,103.9938
101290407,罗平,云南省,曲靖市,24.8857,104.3093
101290408,会泽,云南省,曲靖市,26.4129,103.3000
101290409,宣威,云南省,曲靖市,26.2278,104.0955
101290410,麒麟,云南省,曲靖市,25.5013,103.7981
101290501,保山,云南省,保山市,25.1118,99.1671
101290502,隆阳,云南省,保山市,25.1121,99.1658
101290503,龙陵,云南省,保山市,24.5919,98.6936
101290504,施甸,云南省,保山市,24.7308,99.1838
101290505,昌宁,云南省,保山市,24.8237,99.6123
101290506,腾冲,云南省,保山市,25.0176,98.4973
101290601,文山州,云南省,文山壮族苗族自治州,23.3695,104.2440
101290602,西畴,云南省,文山壮族苗族自治州,23.4374,104.6757
101290603,马关,云南省,文山壮族苗族自治州,23.0117,104.3986
101290604,麻栗坡,云南省,文山壮族苗族自治州,23.1242,104.7019
101290605,砚山,云南省,文山壮族苗族自治州,23.6123,104.3440
101290606,丘北,云南省,文山壮族苗族自治州,24.0410,104.1944
101290607,广南,云南省,文山壮族苗族自治州,24.0503,105.0567
101290608,富宁,云南省,文山壮族苗族自治州,23.6265,105.6286
101290609,文山市,云南省,文山壮族苗族自治州,23.3868,104.2332
101290701,玉溪,云南省,玉溪市,24.3505,102.5439
101290702,澄江,云南省,玉溪市,24.6697,102.9166
101290703,江川,云南省,玉溪市,24.2910,102.7498
101290704,通海,云南省,玉溪市,24.1122,102.7600
101290705,华宁,云南省,玉溪市,24.1898,102.9290
101290706,新平,云南省,玉溪市,24.0664,101.9909
101290707,易门,云南省,玉溪市,24.6696,102.1621
101290708,峨山,云南省,玉溪市,24.1733,102.4044
101290709,元江,云南省,玉溪市,23.5976,101.9997
101290710,红塔,云南省,玉溪市,24.3508,102.5435
101290801,楚雄州,云南省,楚雄彝族自治州,25.0420,101.5460
101290802,大姚,云南省,楚雄彝族自治州,25.7223,101.3236
101290803,元谋,云南省,楚雄彝族自治州,25.7033,101.8708
101290804,姚安,云南省,楚雄彝族自治州,25.5054,101.2384
101290805,牟定,云南省,楚雄彝族自治州,25.3121,101.5430
101290806,南华,云南省,楚雄彝族自治州,25.1924,101.2750
101290807,武定,云南省,楚雄彝族自治州,25.5301,102.4068
101290808,禄丰,云南省,楚雄彝族自治州,25.1433,102.0757
101290809,双柏,云南省,楚雄彝族自治州,24.6851,101.6382
101290810,永仁,云南省,楚雄彝族自治州,26.0563,101.6712
101290811,楚雄市,云南省,楚雄彝族自治州,25.0330,101.5462
101290901,普洱,云南省,普洱市,22.8252,100.9660
101290902,景谷,云南省,普洱市,23.5003,100.7014
101290903,景东,云南省,普洱市,24.4485,100.8400
101290904,澜沧,云南省,普洱市,22.5531,99.9312
101290905,思茅,云南省,普洱市,22.7766,100.9732
101290906,墨江,云南省,普洱市,23.4282,101.6876
101290907,江城,云南省,普洱市,22.5834,101.8591
101290908,孟连,云南省,普洱市,22.3259,99.5854
101290909,西盟,云南省,普洱市,22.6444,99.5944
101290911,镇沅,云南省,普洱市,24.0057,101.1085
101290912,宁洱,云南省,普洱市,23.0625,101.0452
101291001,昭通,云南省,昭通市,27.3370,103.7172
101291002,鲁甸,云南省,昭通市,27.1916,103.5493
101291003,彝良,云南省,昭通市,27.6274,104.0485
101291004,镇雄,云南省,昭通市,27.4363,104.8731
101291005,威信,云南省,昭通市,27.8434,105.0487
101291006,巧家,云南省,昭通市,26.9117,102.9293
101291007,绥江,云南省,昭通市,28.6000,103.9611
101291008,永善,云南省,昭通市,28.2315,103.6373
101291009,盐津,云南省,昭通市,28.1069,104.2351
101291010,大关,云南省,昭通市,27.7471,103.8916
101291011,水富,云南省,昭通市,28.6297,104.4154
101291012,昭阳,云南省,昭通市,27.3366,103.7173
101291101,临沧,云南省,临沧市,23.8866,100.0870
101291102,沧源,云南省,临沧市,23.1469,99.2474
101291103,耿马,云南省,临沧市,23.5346,99.4025
101291104,双江,云南省,临沧市,23.4775,99.8244
101291105,凤庆,云南省,临沧市,24.5927,99.9187
101291106,永德,云南省,临沧市,24.0282,99.2537
101291107,云县,云南省,临沧市,24.4390,100.1256
101291108,镇康,云南省,临沧市,23.7614,98.8274
101291109,临翔,云南省,临沧市,23.8866,100.0865
101291201,怒江,云南省,怒江傈僳族自治州,25.8509,98.8543
101291203,福贡,云南省,怒江傈僳族自治州,26.9027,98.8674
101291204,兰坪,云南省,怒江傈僳族自治州,26.4538,99.4214
101291205,泸水,云南省,怒江傈僳族自治州,25.8511,98.8541
101291207,贡山,云南省,怒江傈僳族自治州,27.7381,98.6661
101291301,香格里拉,云南省,迪庆藏族自治州,27.8258,99.7087
101291302,德钦,云南省,迪庆藏族自治州,28.4833,98.9151
101291303,维西,云南省,迪庆藏族自治州,27.1809,99.2864
101291305,迪庆,云南省,迪庆藏族自治州,27.8269,99.7065
101291401,丽江,云南省,丽江市,26.8721,100.2330
101291402,永胜,云南省,丽江市,26.6856,100.7509
101291403,华坪,云南省,丽江市,26.6288,101.2678
101291404,宁蒗,云南省,丽江市,27.2811,100.8524
101291405,古城,云南省,丽江市,26.8722,100.2344
101291406,玉龙,云南省,丽江市,26.8306,100.2383
101291501,德宏,云南省,德宏傣族景颇族自治州,24.4367,98.5784
101291503,陇川,云南省,德宏傣族景颇族自治州,24.1841,97.7944
101291504,盈江,云南省,德宏傣族景颇族自治州,24.7095,97.9339
101291506,瑞丽,云南省,德宏傣族景颇族自治州,24.0107,97.8559
101291507,梁河,云南省,德宏傣族景颇族自治州,24.8074,98.2982
101291508,芒市,云南省,德宏傣族景颇族自治州,24.4367,98.5776
101291601,景洪,云南省,西双版纳傣族自治州,22.0021,100.7980
101291602,西双版纳,云南省,西双版纳傣族自治州,22.0017,100.7979
101291603,勐海,云南省,西双版纳傣族自治州,21.9559,100.4483
101291605,勐腊,云南省,西双版纳傣族自治州,21.4794,101.5671
101300101,南宁,广西壮族自治区,南宁市,22.8240,108.3200
101300102,兴宁,广西壮族自治区,南宁市,22.8535,108.3681
101300103,邕宁,广西壮族自治区,南宁市,22.7566,108.4843
101300104,横州,广西壮族自治区,南宁市,22.6874,109.2710
101300105,隆安,广西壮族自治区,南宁市,23.1748,107.6887
101300106,马山,广西壮族自治区,南宁市,23.7118,108.1729
101300107,上林,广西壮族自治区,南宁市,23.4318,108.6039
101300108,武鸣,广西壮族自治区,南宁市,23.1572,108.2807
101300109,宾阳,广西壮族自治区,南宁市,23.2169,108.8167
101300110,青秀,广西壮族自治区,南宁市,22.7858,108.4952
101300111,江南,广西壮族自治区,南宁市,22.7996,108.3105
101300112,西乡塘,广西壮族自治区,南宁市,22.8328,108.3069
101300113,良庆,广西壮族自治区,南宁市,22.7536,108.3939
101300201,崇左,广西壮族自治区,崇左市,22.4041,107.3539
101300202,天等,广西壮族自治区,崇左市,23.0825,107.1424
101300203,龙州,广西壮族自治区,崇左市,22.3437,106.8575
101300204,凭祥,广西壮族自治区,崇左市,22.1089,106.7590
101300205,大新,广西壮族自治区,崇左市,22.8334,107.2008
101300206,扶绥,广西壮族自治区,崇左市,22.6358,107.9115
101300207,宁明,广西壮族自治区,崇左市,22.1314,107.0676
101300208,江州,广西壮族自治区,崇左市,22.4047,107.3544
101300301,柳州,广西壮族自治区,柳州市,24.3146,109.4117
101300302,柳城,广西壮族自治区,柳州市,24.6551,109.2458
101300303,城中,广西壮族自治区,柳州市,24.3123,109.4118
101300304,鹿寨,广西壮族自治区,柳州市,24.4834,109.7408
101300305,柳江,广西壮族自治区,柳州市,24.2575,109.3345
101300306,融安,广西壮族自治区,柳州市,25.2147,109.4036
101300307,融水,广西壮族自治区,柳州市,25.0688,109.2527
101300308,三江,广西壮族自治区,柳州市,25.7855,109.6148
101300309,鱼峰,广西壮族自治区,柳州市,24.3038,109.4154
101300310,柳南,广西壮族自治区,柳州市,24.3362,109.3855
101300311,柳北,广西壮族自治区,柳州市,24.3591,109.4066
101300401,来宾,广西壮族自治区,来宾市,23.7338,109.2298
101300402,忻城,广西壮族自治区,来宾市,24.0648,108.6674
101300403,金秀,广西壮族自治区,来宾市,24.1349,110.1886
101300404,象州,广西壮族自治区,来宾市,23.9598,109.6846
101300405,武宣,广西壮族自治区,来宾市,23.6042,109.6629
101300406,合山,广西壮族自治区,来宾市,23.8131,108.8886
101300407,兴宾,广西壮族自治区,来宾市,23.7329,109.2305
101300501,桂林,广西壮族自治区,桂林市,25.2356,110.1798
101300502,秀峰,广西壮族自治区,桂林市,25.2785,110.2924
101300503,龙胜,广西壮族自治区,桂林市,25.7964,110.0094
101300504,永福,广西壮族自治区,桂林市,24.9867,109.9892
101300505,临桂,广西壮族自治区,桂林市,25.2463,110.2055
101300506,兴安,广西壮族自治区,桂林市,25.6096,110.6708
101300507,灵川,广西壮族自治区,桂林市,25.4085,110.3257
101300508,全州,广西壮族自治区,桂林市,25.9299,111.0730
101300509,灌阳,广西壮族自治区,桂林市,25.4891,111.1602
101300510,阳朔,广西壮族自治区,桂林市,24.7753,110.4947
101300511,恭城,广西壮族自治区,桂林市,24.8336,110.8295
101300512,平乐,广西壮族自治区,桂林市,24.6322,110.6428
101300513,荔浦,广西壮族自治区,桂林市,24.4978,110.4001
101300514,资源,广西壮族自治区,桂林市,26.0342,110.6426
101300515,叠彩,广西壮族自治区,桂林市,25.3013,110.3008
101300516,象山,广西壮族自治区,桂林市,25.2620,110.2849
101300517,七星,广西壮族自治区,桂林市,25.2543,110.3176
101300518,雁山,广西壮族自治区,桂林市,25.0776,110.3057
101300601,梧州,广西壮族自治区,梧州市,23.4748,111.2976
101300602,藤县,广西壮族自治区,梧州市,23.3740,110.9318
101300603,万秀,广西壮族自治区,梧州市,23.4713,111.3158
101300604,苍梧,广西壮族自治区,梧州市,23.8451,111.5440
101300605,蒙山,广西壮族自治区,梧州市,24.1998,110.5226
101300606,岑溪,广西壮族自治区,梧州市,22.9184,110.9981
101300607,长洲,广西壮族自治区,梧州市,23.4777,111.2757
101300608,龙圩,广西壮族自治区,梧州市,23.4100,111.2460
101300701,贺州,广西壮族自治区,贺州市,24.4141,111.5521
101300702,昭平,广西壮族自治区,贺州市,24.1730,110.8109
101300703,富川,广西壮族自治区,贺州市,24.8190,111.2772
101300704,钟山,广西壮族自治区,贺州市,24.5286,111.3036
101300705,八步,广西壮族自治区,贺州市,24.4124,111.5520
101300706,平桂,广西壮族自治区,贺州市,24.4531,111.4798
101300801,贵港,广西壮族自治区,贵港市,23.0936,109.6021
101300802,桂平,广西壮族自治区,贵港市,23.3825,110.0747
101300803,平南,广西壮族自治区,贵港市,23.5445,110.3975
101300804,港北,广西壮族自治区,贵港市,23.1077,109.5948
101300805,港南,广西壮族自治区,贵港市,23.0675,109.6047
101300806,覃塘,广西壮族自治区,贵港市,23.1328,109.4157
101300901,玉林,广西壮族自治区,玉林市,22.6314,110.1544
101300902,博白,广西壮族自治区,玉林市,22.2713,109.9800
101300903,北流,广西壮族自治区,玉林市,22.7016,110.3481
101300904,容县,广西壮族自治区,玉林市,22.8564,110.5525
101300905,陆川,广西壮族自治区,玉林市,22.3211,110.2648
101300906,兴业,广西壮族自治区,玉林市,22.7419,109.8778
101300907,玉州,广西壮族自治区,玉林市,22.6321,110.1549
101300908,福绵,广西壮族自治区,玉林市,22.5816,110.0542
101301001,百色,广西壮族自治区,百色市,23.8977,106.6163
101301002,那坡,广西壮族自治区,百色市,23.4008,105.8335
101301003,田阳,广西壮族自治区,百色市,23.7361,106.9043
101301004,德保,广西壮族自治区,百色市,23.3215,106.6182
101301005,靖西,广西壮族自治区,百色市,23.1348,106.4175
101301006,田东,广西壮族自治区,百色市,23.6004,107.1243
101301007,平果,广西壮族自治区,百色市,23.3205,107.5804
101301008,隆林,广西壮族自治区,百色市,24.7743,105.3424
101301009,西林,广西壮族自治区,百色市,24.4920,105.0950
101301010,乐业,广西壮族自治区,百色市,24.7822,106.5596
101301011,凌云,广西壮族自治区,百色市,24.3456,106.5649
101301012,田林,广西壮族自治区,百色市,24.2903,106.2350
101301013,右江,广西壮族自治区,百色市,23.8977,106.6157
101301101,钦州,广西壮族自治区,钦州市,21.9671,108.6242
101301102,浦北,广西壮族自治区,钦州市,22.2683,109.5563
101301103,灵山,广西壮族自治区,钦州市,22.4180,109.2935
101301104,钦南,广西壮族自治区,钦州市,21.9668,108.6266
101301105,钦北,广西壮族自治区,钦州市,22.0024,108.6387
101301201,河池,广西壮族自治区,河池市,24.6959,108.0621
101301202,天峨,广西壮族自治区,河池市,24.9860,107.1749
101301203,东兰,广西壮族自治区,河池市,24.5094,107.3737
101301204,巴马,广西壮族自治区,河池市,24.1395,107.2531
101301205,环江,广西壮族自治区,河池市,24.8276,108.2587
101301206,罗城,广西壮族自治区,河池市,24.7793,108.9025
101301207,宜州,广西壮族自治区,河池市,24.4922,108.6540
101301208,凤山,广西壮族自治区,河池市,24.5446,107.0446
101301209,南丹,广西壮族自治区,河池市,24.9832,107.5466
101301210,都安,广西壮族自治区,河池市,23.9350,108.1028
101301211,大化,广西壮族自治区,河池市,23.7396,107.9945
101301212,金城江,广西壮族自治区,河池市,24.6956,108.0621
101301301,北海,广西壮族自治区,北海市,21.4733,109.1193
101301302,合浦,广西壮族自治区,北海市,21.6636,109.2007
101301304,海城,广西壮族自治区,北海市,21.4684,109.1075
101301305,银海,广西壮族自治区,北海市,21.4449,109.1187
101301306,铁山港,广西壮族自治区,北海市,21.5299,109.4221
101301401,防城港,广西壮族自治区,防城港市,21.6867,108.3547
101301402,上思,广西壮族自治区,防城港市,22.1514,107.9821
101301403,东兴,广西壮族自治区,防城港市,21.5412,107.9702
101301404,港口,广西壮族自治区,防城港市,21.6144,108.3463
101301405,防城,广西壮族自治区,防城港市,21.7648,108.3584
101310101,海口,海南省,海口市,20.0458,110.1984
101310102,秀英,海南省,海口市,20.0081,110.2824
101310103,龙华,海南省,海口市,20.0310,110.3304
101310104,琼山,海南省,海口市,20.0011,110.3547
101310105,美兰,海南省,海口市,20.0307,110.3566
101310201,三亚,海南省,三亚市,18.2479,109.5083
101310202,东方,海南省,东方市,19.1020,108.6538
101310203,临高,海南省,临高县,19.9083,109.6877
101310204,澄迈,海南省,澄迈县,19.7371,110.0071
101310205,儋州,海南省,儋州市,19.5175,109.5768
101310206,昌江,海南省,昌江黎族自治县,19.2610,109.0534
101310207,白沙,海南省,白沙黎族自治县,19.2246,109.4526
101310208,琼中,海南省,琼中黎族苗族自治县,19.0356,109.8400
101310209,定安,海南省,定安县,19.6850,110.3492
101310210,屯昌,海南省,屯昌县,19.3629,110.1028
101310211,琼海,海南省,琼海市,19.2460,110.4668
101310212,文昌,海南省,文昌市,19.5442,110.7975
101310213,海棠,海南省,三亚市,18.4075,109.7608
101310214,保亭,海南省,保亭黎族苗族自治县,18.6364,109.7025
101310215,万宁,海南省,万宁市,18.7962,110.3888
101310216,陵水,海南省,陵水黎族自治县,18.5050,110.0372
101310218,吉阳,海南省,三亚市,18.2815,109.5782
101310219,天涯,海南省,三亚市,18.2990,109.4523
101310221,乐东,海南省,乐东黎族自治县,18.7476,109.1754
101310222,五指山,海南省,五指山市,18.7769,109.5167
101310223,崖州,海南省,三亚市,18.3576,109.1723
101310301,三沙,海南省,三沙市,16.8310,112.3488
101310302,西沙,海南省,三沙市,16.8344,112.3470
101310304,南沙,海南省,三沙市,9.5458,112.9027
